-- phpMyAdmin SQL Dump
-- version 5.0.2
-- https://www.phpmyadmin.net/
--
-- Máy chủ: localhost
-- Thời gian đã tạo: Th12 01, 2020 lúc 02:47 AM
-- Phiên bản máy phục vụ: 10.4.14-MariaDB
-- Phiên bản PHP: 7.4.10

SET SQL_MODE = "NO_AUTO_VALUE_ON_ZERO";
START TRANSACTION;
SET time_zone = "+00:00";


/*!40101 SET @OLD_CHARACTER_SET_CLIENT=@@CHARACTER_SET_CLIENT */;
/*!40101 SET @OLD_CHARACTER_SET_RESULTS=@@CHARACTER_SET_RESULTS */;
/*!40101 SET @OLD_COLLATION_CONNECTION=@@COLLATION_CONNECTION */;
/*!40101 SET NAMES utf8mb4 */;

--
-- Cơ sở dữ liệu: `classroom`
--
CREATE DATABASE IF NOT EXISTS `classroom` DEFAULT CHARACTER SET utf8 COLLATE utf8_general_ci;
USE `classroom`;

-- --------------------------------------------------------

--
-- Cấu trúc bảng cho bảng `assignment`
--

CREATE TABLE `assignment` (
  `id` int(12) NOT NULL,
  `id_class` varchar(100) NOT NULL,
  `id_writter` int(10) NOT NULL,
  `post_time` varchar(50) NOT NULL,
  `name` varchar(50) NOT NULL,
  `content` varchar(1000) NOT NULL,
  `link_assignment` varchar(100) NOT NULL,
  `last_edt` varchar(50) NOT NULL,
  `deadline` varchar(50) NOT NULL
) ENGINE=InnoDB DEFAULT CHARSET=utf8;

-- --------------------------------------------------------

--
-- Cấu trúc bảng cho bảng `class`
--

CREATE TABLE `class` (
  `id` varchar(100) NOT NULL,
  `classname` varchar(100) NOT NULL,
  `subject` varchar(1000) NOT NULL,
  `time` varchar(100) NOT NULL,
  `day` varchar(20) NOT NULL,
  `room` varchar(20) NOT NULL
) ENGINE=InnoDB DEFAULT CHARSET=utf8;

--
-- Đang đổ dữ liệu cho bảng `class`
--

INSERT INTO `class` (`id`, `classname`, `subject`, `time`, `day`, `room`) VALUES
('078FGVtMKG', 'CLC - Cấu trúc rời rạc', 'Cấu trúc rời rạc', 'Ca 2', 'Thứ 7', 'B206'),
('5o89ytziCu', 'TC - Công nghệ phần mềm', 'Công nghệ phần mềm', 'Ca 2', 'Thứ 5', 'F208'),
('8ADpRTP2jX', 'TC - Thiết kế giao diện người dùng', 'Thiết kế giao diện người dùng', 'Ca 3', 'Thứ 6', 'B403'),
('8D1SmHpEPb', 'TC - Giải tích', 'Giải tích', 'Ca 2', 'Thứ 2', 'F304'),
('8x50qDvjya', 'CLC - Công nghệ phần mềm', 'Công nghệ phần mềm', 'Ca 4', 'Thứ 5', 'F205'),
('94GbI1Aoxy', 'CLC - Đại số tuyến tính', 'Đại số tuyến tính', 'Ca 1', 'Thứ 3', 'B209'),
('atG29g4T8z', 'TC - Phân tích và thiết kế yêu cầu', 'Phân tích và thiết kế yêu cầu', 'Ca 2', 'Thứ 4', 'F207'),
('AVNeowOdmS', 'CLC - Công nghệ phần mềm', 'Công nghệ phần mềm', 'Ca 4', 'Thứ 5', 'B209'),
('b7vkXrV0lp', 'TC - Công nghệ phần mềm', 'Công nghệ phần mềm', 'Ca 4', 'Thứ 2', 'B303'),
('BEGSotVR2Z', 'TC - Phát triển ứng dụng di động', 'Phát triển ứng dụng di động', 'Ca 4', 'Thứ 6', 'B201'),
('bG1aFV603j', 'CLC - Phân tích và thiết kế yêu cầu', 'Phân tích và thiết kế yêu cầu', 'Ca 1', 'Thứ 2', 'F206'),
('bwIFRJuxzT', 'TC - Nhập môn lập trình', 'Nhập môn lập trình', 'Ca 2', 'Thứ 2', 'F303'),
('bxZKudXGnw', 'TC - Cấu trúc dữ liệu 2', 'Cấu trúc dữ liệu 2', 'Ca 4', 'Thứ 4', 'B205'),
('cFCj0XeS3n', 'TC - Xác suất thống kê', 'Xác suất thống kê', 'Ca 1', 'Thứ 3', 'F204'),
('CPOe74unyb', 'TC - Truy hồi thông tin', 'Truy hồi thông tin', 'Ca 2', 'Thứ 7', 'F301'),
('CPRHy5M0W6', 'TC - IOT cơ bản', 'IOT cơ bản', 'Ca 3', 'Thứ 2', 'F305'),
('dnHpjIqYva', 'TC - Công nghệ phần mềm', 'Công nghệ phần mềm', 'Ca 2', 'Thứ 3', 'F202'),
('eIJbdoRTUn', 'CLC - Lập trình web nâng cao', 'Lập trình web nâng cao', 'Ca 1', 'Thứ 7', 'F202'),
('ERzUPli14Y', 'CLC - Nhập môn học máy', 'Nhập môn học máy', 'Ca 4', 'Thứ 7', 'F207'),
('FhprKeWsDv', 'CLC - Truy hồi thông tin', 'Truy hồi thông tin', 'Ca 1', 'Thứ 7', 'F305'),
('Fz3kIXuaNr', 'TC - Cấu trúc rời rạc', 'Cấu trúc rời rạc', 'Ca 1', 'Thứ 3', 'B302'),
('gm8NXZMdcC', 'CLC - Nhập môn hệ điều hành', 'Nhập môn hệ điều hành', 'Ca 3', 'Thứ 5', 'B208'),
('hGMjYpRWAz', 'CLC - Lập trình web và ứng dụng', 'Lập trình web và ứng dụng', 'Ca 4', 'Thứ 2', 'B305'),
('iSoXx7nBO1', 'CLC - IOT cơ bản', 'IOT cơ bản', 'Ca 1', 'Thứ 5', 'F208'),
('Jh0dHz2jVx', 'CLC - Cấu trúc dữ liệu 2', 'Cấu trúc dữ liệu 2', 'Ca 1', 'Thứ 4', 'F303'),
('lbjBT7RYIo', 'CLC - Công nghệ phần mềm', 'Công nghệ phần mềm', 'Ca 4', 'Thứ 2', 'B401'),
('lTKSJh3W0I', 'TC - Mẫu thiết kế', 'Mẫu thiết kế', 'Ca 4', 'Thứ 5', 'F208'),
('MAo2Hsp6vk', 'TC - Công nghệ phần mềm', 'Công nghệ phần mềm', 'Ca 4', 'Thứ 7', 'B402'),
('MEcFhUpkgW', 'CLC - IOT cơ bản', 'IOT cơ bản', 'Ca 3', 'Thứ 6', 'F206'),
('mk1Blf5X0n', 'TC - Mẫu thiết kế', 'Mẫu thiết kế', 'Ca 3', 'Thứ 7', 'F202'),
('MpOwFUZaPx', 'CLC - Nhập môn lập trình', 'Nhập môn lập trình', 'Ca 1', 'Thứ 5', 'F304'),
('NGEYLHsyxT', 'TC - Công nghệ phần mềm', 'Công nghệ phần mềm', 'Ca 2', 'Thứ 6', 'B302'),
('NxFi6MsXdq', 'CLC - Nhập môn học máy', 'Nhập môn học máy', 'Ca 4', 'Thứ 7', 'F208'),
('OPG35d8uoc', 'CLC - Đại số tuyến tính', 'Đại số tuyến tính', 'Ca 4', 'Thứ 6', 'B207'),
('PVunG7d6Mm', 'CLC - Nhập môn lập trình', 'Nhập môn lập trình', 'Ca 2', 'Thứ 4', 'F302'),
('qiJIpxEXdl', 'TC - Hệ cơ sở dữ liệu', 'Hệ cơ sở dữ liệu', 'Ca 3', 'Thứ 5', 'F305'),
('SCJ12AlYHN', 'CLC - Đại số tuyến tính', 'Đại số tuyến tính', 'Ca 1', 'Thứ 3', 'B202'),
('sjz2mqkG1D', 'CLC - Phương pháp tính', 'Phương pháp tính', 'Ca 4', 'Thứ 7', 'B304'),
('tum6xFVXev', 'CLC - Xác suất thống kê', 'Xác suất thống kê', 'Ca 4', 'Thứ 3', 'B208'),
('umKyUkclhb', 'CLC - Phát triển trò chơi', 'Phát triển trò chơi', 'Ca 4', 'Thứ 3', 'F203'),
('uzWaIyr5fo', 'TC - Toán tổ hợp và đồ thị', 'Toán tổ hợp và đồ thị', 'Ca 4', 'Thứ 6', 'F308'),
('vaPVDNjH6O', 'CLC - Cấu trúc dữ liệu 2', 'Cấu trúc dữ liệu 2', 'Ca 2', 'Thứ 2', 'B403'),
('VyFUdDxPeX', 'TC - Kiểm thử phần mềm', 'Kiểm thử phần mềm', 'Ca 1', 'Thứ 6', 'F209'),
('weDXlsUcoC', 'TC - Tổ chức máy tính', 'Tổ chức máy tính', 'Ca 3', 'Thứ 4', 'B207'),
('wjGInR2A9H', 'CLC - Đại số tuyến tính', 'Đại số tuyến tính', 'Ca 1', 'Thứ 6', 'F302'),
('X9EADOW5Zd', 'TC - Lập trình web và ứng dụng', 'Lập trình web và ứng dụng', 'Ca 2', 'Thứ 2', 'B302'),
('XafYVpGw8m', 'TC - Phương pháp tính', 'Phương pháp tính', 'Ca 1', 'Thứ 5', 'F306'),
('xqgK69ElYG', 'CLC - Nhập môn hệ điều hành', 'Nhập môn hệ điều hành', 'Ca 3', 'Thứ 6', 'B208'),
('yT4cuv0V9m', 'TC - Phương pháp tính', 'Phương pháp tính', 'Ca 1', 'Thứ 5', 'B201'),
('zfjtcYIuXm', 'CLC - IOT cơ bản', 'IOT cơ bản', 'Ca 2', 'Thứ 6', 'B202');

-- --------------------------------------------------------

--
-- Cấu trúc bảng cho bảng `comment`
--

CREATE TABLE `comment` (
  `id` int(12) NOT NULL,
  `id_post` int(12) NOT NULL,
  `id_writter` int(10) NOT NULL,
  `content` varchar(1000) NOT NULL,
  `comment_time` varchar(20) NOT NULL
) ENGINE=InnoDB DEFAULT CHARSET=utf8;

-- --------------------------------------------------------

--
-- Cấu trúc bảng cho bảng `file`
--

CREATE TABLE `file` (
  `id` int(12) NOT NULL,
  `id_post` int(12) NOT NULL,
  `file_src` varchar(1000) NOT NULL
) ENGINE=InnoDB DEFAULT CHARSET=utf8;

-- --------------------------------------------------------

--
-- Cấu trúc bảng cho bảng `permission`
--

CREATE TABLE `permission` (
  `permission` int(10) NOT NULL,
  `info` varchar(50) NOT NULL
) ENGINE=InnoDB DEFAULT CHARSET=utf8;

--
-- Đang đổ dữ liệu cho bảng `permission`
--

INSERT INTO `permission` (`permission`, `info`) VALUES
(1, 'Admin'),
(2, 'Giảng viên'),
(3, 'Sinh viên');

-- --------------------------------------------------------

--
-- Cấu trúc bảng cho bảng `post`
--

CREATE TABLE `post` (
  `id` int(12) NOT NULL,
  `id_class` varchar(100) NOT NULL,
  `id_writter` int(10) NOT NULL,
  `content` varchar(1000) NOT NULL,
  `post_time` varchar(50) NOT NULL,
  `last_edt` varchar(50) NOT NULL
) ENGINE=InnoDB DEFAULT CHARSET=utf8;

-- --------------------------------------------------------

--
-- Cấu trúc bảng cho bảng `studentstudyclass`
--

CREATE TABLE `studentstudyclass` (
  `id_student` int(10) NOT NULL,
  `id_class` varchar(100) NOT NULL
) ENGINE=InnoDB DEFAULT CHARSET=utf8;

--
-- Đang đổ dữ liệu cho bảng `studentstudyclass`
--

INSERT INTO `studentstudyclass` (`id_student`, `id_class`) VALUES
(6, 'atG29g4T8z'),
(6, 'bG1aFV603j'),
(6, 'cFCj0XeS3n'),
(6, 'dnHpjIqYva'),
(6, 'FhprKeWsDv'),
(6, 'hGMjYpRWAz'),
(6, 'iSoXx7nBO1'),
(6, 'lTKSJh3W0I'),
(6, 'NGEYLHsyxT'),
(6, 'NxFi6MsXdq'),
(6, 'sjz2mqkG1D'),
(6, 'umKyUkclhb'),
(6, 'X9EADOW5Zd'),
(6, 'zfjtcYIuXm'),
(7, '94GbI1Aoxy'),
(7, 'BEGSotVR2Z'),
(7, 'bG1aFV603j'),
(7, 'cFCj0XeS3n'),
(7, 'Fz3kIXuaNr'),
(7, 'gm8NXZMdcC'),
(7, 'lbjBT7RYIo'),
(7, 'OPG35d8uoc'),
(7, 'PVunG7d6Mm'),
(7, 'SCJ12AlYHN'),
(7, 'VyFUdDxPeX'),
(8, '8x50qDvjya'),
(8, 'b7vkXrV0lp'),
(8, 'bxZKudXGnw'),
(8, 'cFCj0XeS3n'),
(8, 'CPOe74unyb'),
(8, 'dnHpjIqYva'),
(8, 'ERzUPli14Y'),
(8, 'FhprKeWsDv'),
(8, 'iSoXx7nBO1'),
(8, 'Jh0dHz2jVx'),
(8, 'MEcFhUpkgW'),
(8, 'mk1Blf5X0n'),
(8, 'MpOwFUZaPx'),
(8, 'NxFi6MsXdq'),
(8, 'OPG35d8uoc'),
(8, 'qiJIpxEXdl'),
(8, 'uzWaIyr5fo'),
(8, 'X9EADOW5Zd'),
(8, 'XafYVpGw8m'),
(8, 'xqgK69ElYG'),
(9, '078FGVtMKG'),
(9, '5o89ytziCu'),
(9, 'atG29g4T8z'),
(9, 'b7vkXrV0lp'),
(9, 'cFCj0XeS3n'),
(9, 'Fz3kIXuaNr'),
(9, 'hGMjYpRWAz'),
(9, 'MEcFhUpkgW'),
(9, 'mk1Blf5X0n'),
(9, 'qiJIpxEXdl'),
(9, 'wjGInR2A9H'),
(9, 'XafYVpGw8m'),
(9, 'zfjtcYIuXm'),
(10, '8D1SmHpEPb'),
(10, 'atG29g4T8z'),
(10, 'BEGSotVR2Z'),
(10, 'bwIFRJuxzT'),
(10, 'dnHpjIqYva'),
(10, 'eIJbdoRTUn'),
(10, 'Fz3kIXuaNr'),
(10, 'hGMjYpRWAz'),
(10, 'lbjBT7RYIo'),
(10, 'MEcFhUpkgW'),
(10, 'mk1Blf5X0n'),
(10, 'qiJIpxEXdl'),
(10, 'uzWaIyr5fo'),
(10, 'VyFUdDxPeX'),
(10, 'wjGInR2A9H'),
(10, 'xqgK69ElYG'),
(10, 'yT4cuv0V9m'),
(11, '078FGVtMKG'),
(11, '5o89ytziCu'),
(11, 'atG29g4T8z'),
(11, 'AVNeowOdmS'),
(11, 'b7vkXrV0lp'),
(11, 'bG1aFV603j'),
(11, 'CPOe74unyb'),
(11, 'CPRHy5M0W6'),
(11, 'eIJbdoRTUn'),
(11, 'Fz3kIXuaNr'),
(11, 'gm8NXZMdcC'),
(11, 'MEcFhUpkgW'),
(11, 'NGEYLHsyxT'),
(11, 'OPG35d8uoc'),
(11, 'PVunG7d6Mm'),
(11, 'SCJ12AlYHN'),
(11, 'uzWaIyr5fo'),
(11, 'xqgK69ElYG'),
(11, 'yT4cuv0V9m'),
(12, '8D1SmHpEPb'),
(12, 'AVNeowOdmS'),
(12, 'b7vkXrV0lp'),
(12, 'BEGSotVR2Z'),
(12, 'bwIFRJuxzT'),
(12, 'CPRHy5M0W6'),
(12, 'eIJbdoRTUn'),
(12, 'Fz3kIXuaNr'),
(12, 'gm8NXZMdcC'),
(12, 'hGMjYpRWAz'),
(12, 'Jh0dHz2jVx'),
(12, 'lbjBT7RYIo'),
(12, 'mk1Blf5X0n'),
(12, 'NxFi6MsXdq'),
(12, 'OPG35d8uoc'),
(12, 'SCJ12AlYHN'),
(12, 'sjz2mqkG1D'),
(12, 'tum6xFVXev'),
(12, 'vaPVDNjH6O'),
(12, 'VyFUdDxPeX'),
(12, 'weDXlsUcoC'),
(12, 'zfjtcYIuXm'),
(13, '5o89ytziCu'),
(13, '8x50qDvjya'),
(13, '94GbI1Aoxy'),
(13, 'atG29g4T8z'),
(13, 'b7vkXrV0lp'),
(13, 'BEGSotVR2Z'),
(13, 'bxZKudXGnw'),
(13, 'CPOe74unyb'),
(13, 'CPRHy5M0W6'),
(13, 'dnHpjIqYva'),
(13, 'eIJbdoRTUn'),
(13, 'ERzUPli14Y'),
(13, 'Jh0dHz2jVx'),
(13, 'MAo2Hsp6vk'),
(13, 'OPG35d8uoc'),
(13, 'qiJIpxEXdl'),
(13, 'SCJ12AlYHN'),
(13, 'sjz2mqkG1D'),
(13, 'umKyUkclhb'),
(13, 'uzWaIyr5fo'),
(13, 'wjGInR2A9H'),
(13, 'xqgK69ElYG'),
(14, '078FGVtMKG'),
(14, '8D1SmHpEPb'),
(14, '8x50qDvjya'),
(14, 'b7vkXrV0lp'),
(14, 'bwIFRJuxzT'),
(14, 'eIJbdoRTUn'),
(14, 'MpOwFUZaPx'),
(14, 'NGEYLHsyxT'),
(14, 'OPG35d8uoc'),
(14, 'SCJ12AlYHN'),
(14, 'uzWaIyr5fo'),
(14, 'vaPVDNjH6O'),
(14, 'weDXlsUcoC'),
(14, 'wjGInR2A9H'),
(14, 'X9EADOW5Zd'),
(14, 'XafYVpGw8m'),
(14, 'zfjtcYIuXm'),
(15, '078FGVtMKG'),
(15, '5o89ytziCu'),
(15, 'atG29g4T8z'),
(15, 'AVNeowOdmS'),
(15, 'b7vkXrV0lp'),
(15, 'ERzUPli14Y'),
(15, 'FhprKeWsDv'),
(15, 'Fz3kIXuaNr'),
(15, 'lbjBT7RYIo'),
(15, 'MAo2Hsp6vk'),
(15, 'MpOwFUZaPx'),
(15, 'NxFi6MsXdq'),
(15, 'OPG35d8uoc'),
(15, 'tum6xFVXev'),
(15, 'uzWaIyr5fo'),
(15, 'VyFUdDxPeX'),
(15, 'weDXlsUcoC'),
(16, '8ADpRTP2jX'),
(16, '94GbI1Aoxy'),
(16, 'b7vkXrV0lp'),
(16, 'CPOe74unyb'),
(16, 'hGMjYpRWAz'),
(16, 'MEcFhUpkgW'),
(16, 'NxFi6MsXdq'),
(16, 'OPG35d8uoc'),
(16, 'PVunG7d6Mm'),
(16, 'sjz2mqkG1D'),
(16, 'umKyUkclhb'),
(16, 'vaPVDNjH6O'),
(16, 'VyFUdDxPeX'),
(16, 'wjGInR2A9H'),
(16, 'X9EADOW5Zd'),
(16, 'zfjtcYIuXm'),
(17, 'atG29g4T8z'),
(17, 'bG1aFV603j'),
(17, 'CPRHy5M0W6'),
(17, 'eIJbdoRTUn'),
(17, 'Fz3kIXuaNr'),
(17, 'gm8NXZMdcC'),
(17, 'lbjBT7RYIo'),
(17, 'MpOwFUZaPx'),
(17, 'qiJIpxEXdl'),
(17, 'SCJ12AlYHN'),
(17, 'sjz2mqkG1D'),
(17, 'XafYVpGw8m'),
(17, 'xqgK69ElYG'),
(17, 'zfjtcYIuXm'),
(18, '5o89ytziCu'),
(18, '8ADpRTP2jX'),
(18, 'atG29g4T8z'),
(18, 'BEGSotVR2Z'),
(18, 'bG1aFV603j'),
(18, 'bwIFRJuxzT'),
(18, 'bxZKudXGnw'),
(18, 'ERzUPli14Y'),
(18, 'FhprKeWsDv'),
(18, 'Fz3kIXuaNr'),
(18, 'iSoXx7nBO1'),
(18, 'MAo2Hsp6vk'),
(18, 'mk1Blf5X0n'),
(18, 'MpOwFUZaPx'),
(18, 'NGEYLHsyxT'),
(18, 'NxFi6MsXdq'),
(18, 'PVunG7d6Mm'),
(18, 'SCJ12AlYHN'),
(18, 'sjz2mqkG1D'),
(18, 'wjGInR2A9H'),
(19, '8ADpRTP2jX'),
(19, '8D1SmHpEPb'),
(19, '8x50qDvjya'),
(19, '94GbI1Aoxy'),
(19, 'AVNeowOdmS'),
(19, 'b7vkXrV0lp'),
(19, 'bG1aFV603j'),
(19, 'cFCj0XeS3n'),
(19, 'CPOe74unyb'),
(19, 'Jh0dHz2jVx'),
(19, 'lTKSJh3W0I'),
(19, 'mk1Blf5X0n'),
(19, 'NGEYLHsyxT'),
(19, 'SCJ12AlYHN'),
(19, 'sjz2mqkG1D'),
(19, 'wjGInR2A9H'),
(19, 'yT4cuv0V9m'),
(20, '5o89ytziCu'),
(20, '8D1SmHpEPb'),
(20, '8x50qDvjya'),
(20, 'CPRHy5M0W6'),
(20, 'iSoXx7nBO1'),
(20, 'Jh0dHz2jVx'),
(20, 'mk1Blf5X0n'),
(20, 'MpOwFUZaPx'),
(20, 'NGEYLHsyxT'),
(20, 'PVunG7d6Mm'),
(20, 'SCJ12AlYHN'),
(20, 'tum6xFVXev'),
(20, 'uzWaIyr5fo'),
(20, 'VyFUdDxPeX'),
(20, 'XafYVpGw8m'),
(21, '078FGVtMKG'),
(21, '5o89ytziCu'),
(21, '8ADpRTP2jX'),
(21, '8x50qDvjya'),
(21, 'b7vkXrV0lp'),
(21, 'bxZKudXGnw'),
(21, 'dnHpjIqYva'),
(21, 'Fz3kIXuaNr'),
(21, 'iSoXx7nBO1'),
(21, 'lbjBT7RYIo'),
(21, 'lTKSJh3W0I'),
(21, 'MpOwFUZaPx'),
(21, 'PVunG7d6Mm'),
(21, 'qiJIpxEXdl'),
(21, 'sjz2mqkG1D'),
(21, 'umKyUkclhb'),
(21, 'uzWaIyr5fo'),
(22, '8ADpRTP2jX'),
(22, '8D1SmHpEPb'),
(22, 'bG1aFV603j'),
(22, 'bwIFRJuxzT'),
(22, 'bxZKudXGnw'),
(22, 'cFCj0XeS3n'),
(22, 'CPOe74unyb'),
(22, 'dnHpjIqYva'),
(22, 'FhprKeWsDv'),
(22, 'gm8NXZMdcC'),
(22, 'lbjBT7RYIo'),
(22, 'MAo2Hsp6vk'),
(22, 'PVunG7d6Mm'),
(22, 'sjz2mqkG1D'),
(22, 'umKyUkclhb'),
(22, 'weDXlsUcoC'),
(22, 'X9EADOW5Zd'),
(22, 'zfjtcYIuXm'),
(23, '5o89ytziCu'),
(23, 'b7vkXrV0lp'),
(23, 'CPOe74unyb'),
(23, 'CPRHy5M0W6'),
(23, 'dnHpjIqYva'),
(23, 'FhprKeWsDv'),
(23, 'iSoXx7nBO1'),
(23, 'lbjBT7RYIo'),
(23, 'mk1Blf5X0n'),
(23, 'PVunG7d6Mm'),
(23, 'sjz2mqkG1D'),
(23, 'tum6xFVXev'),
(23, 'uzWaIyr5fo'),
(23, 'wjGInR2A9H'),
(23, 'X9EADOW5Zd'),
(23, 'XafYVpGw8m'),
(23, 'yT4cuv0V9m'),
(24, '078FGVtMKG'),
(24, '94GbI1Aoxy'),
(24, 'AVNeowOdmS'),
(24, 'BEGSotVR2Z'),
(24, 'bwIFRJuxzT'),
(24, 'CPRHy5M0W6'),
(24, 'dnHpjIqYva'),
(24, 'eIJbdoRTUn'),
(24, 'Fz3kIXuaNr'),
(24, 'iSoXx7nBO1'),
(24, 'lTKSJh3W0I'),
(24, 'MEcFhUpkgW'),
(24, 'PVunG7d6Mm'),
(24, 'X9EADOW5Zd'),
(25, '5o89ytziCu'),
(25, '8D1SmHpEPb'),
(25, '8x50qDvjya'),
(25, '94GbI1Aoxy'),
(25, 'atG29g4T8z'),
(25, 'bxZKudXGnw'),
(25, 'cFCj0XeS3n'),
(25, 'CPOe74unyb'),
(25, 'dnHpjIqYva'),
(25, 'ERzUPli14Y'),
(25, 'hGMjYpRWAz'),
(25, 'lbjBT7RYIo'),
(25, 'lTKSJh3W0I'),
(25, 'qiJIpxEXdl'),
(25, 'sjz2mqkG1D'),
(25, 'tum6xFVXev'),
(25, 'umKyUkclhb'),
(25, 'zfjtcYIuXm'),
(26, '5o89ytziCu'),
(26, '8ADpRTP2jX'),
(26, '8D1SmHpEPb'),
(26, 'AVNeowOdmS'),
(26, 'bG1aFV603j'),
(26, 'bwIFRJuxzT'),
(26, 'CPRHy5M0W6'),
(26, 'dnHpjIqYva'),
(26, 'FhprKeWsDv'),
(26, 'Fz3kIXuaNr'),
(26, 'lbjBT7RYIo'),
(26, 'MAo2Hsp6vk'),
(26, 'mk1Blf5X0n'),
(26, 'MpOwFUZaPx'),
(26, 'NxFi6MsXdq'),
(26, 'OPG35d8uoc'),
(26, 'SCJ12AlYHN'),
(26, 'sjz2mqkG1D'),
(26, 'umKyUkclhb'),
(26, 'weDXlsUcoC'),
(26, 'XafYVpGw8m'),
(27, '8ADpRTP2jX'),
(27, '94GbI1Aoxy'),
(27, 'atG29g4T8z'),
(27, 'b7vkXrV0lp'),
(27, 'bwIFRJuxzT'),
(27, 'eIJbdoRTUn'),
(27, 'Jh0dHz2jVx'),
(27, 'MpOwFUZaPx'),
(27, 'NGEYLHsyxT'),
(27, 'NxFi6MsXdq'),
(27, 'OPG35d8uoc'),
(27, 'SCJ12AlYHN'),
(27, 'tum6xFVXev'),
(27, 'umKyUkclhb'),
(27, 'weDXlsUcoC'),
(27, 'wjGInR2A9H'),
(28, '078FGVtMKG'),
(28, '5o89ytziCu'),
(28, '8ADpRTP2jX'),
(28, '8x50qDvjya'),
(28, '94GbI1Aoxy'),
(28, 'b7vkXrV0lp'),
(28, 'bxZKudXGnw'),
(28, 'CPOe74unyb'),
(28, 'hGMjYpRWAz'),
(28, 'lbjBT7RYIo'),
(28, 'MEcFhUpkgW'),
(28, 'PVunG7d6Mm'),
(28, 'tum6xFVXev'),
(28, 'umKyUkclhb'),
(28, 'vaPVDNjH6O'),
(28, 'xqgK69ElYG'),
(29, '94GbI1Aoxy'),
(29, 'AVNeowOdmS'),
(29, 'bG1aFV603j'),
(29, 'bxZKudXGnw'),
(29, 'dnHpjIqYva'),
(29, 'FhprKeWsDv'),
(29, 'lbjBT7RYIo'),
(29, 'MAo2Hsp6vk'),
(29, 'MpOwFUZaPx'),
(29, 'OPG35d8uoc'),
(29, 'PVunG7d6Mm'),
(29, 'SCJ12AlYHN'),
(29, 'vaPVDNjH6O'),
(29, 'XafYVpGw8m'),
(29, 'xqgK69ElYG'),
(29, 'yT4cuv0V9m'),
(30, '94GbI1Aoxy'),
(30, 'b7vkXrV0lp'),
(30, 'BEGSotVR2Z'),
(30, 'bG1aFV603j'),
(30, 'bxZKudXGnw'),
(30, 'dnHpjIqYva'),
(30, 'ERzUPli14Y'),
(30, 'MpOwFUZaPx'),
(30, 'NGEYLHsyxT'),
(30, 'SCJ12AlYHN'),
(30, 'sjz2mqkG1D'),
(30, 'tum6xFVXev'),
(30, 'umKyUkclhb'),
(30, 'uzWaIyr5fo'),
(30, 'vaPVDNjH6O'),
(30, 'VyFUdDxPeX'),
(30, 'zfjtcYIuXm'),
(31, '5o89ytziCu'),
(31, '94GbI1Aoxy'),
(31, 'BEGSotVR2Z'),
(31, 'bG1aFV603j'),
(31, 'bwIFRJuxzT'),
(31, 'bxZKudXGnw'),
(31, 'CPOe74unyb'),
(31, 'CPRHy5M0W6'),
(31, 'ERzUPli14Y'),
(31, 'Fz3kIXuaNr'),
(31, 'lTKSJh3W0I'),
(31, 'NGEYLHsyxT'),
(31, 'NxFi6MsXdq'),
(31, 'OPG35d8uoc'),
(31, 'qiJIpxEXdl'),
(31, 'SCJ12AlYHN'),
(31, 'tum6xFVXev'),
(31, 'vaPVDNjH6O'),
(31, 'xqgK69ElYG'),
(31, 'zfjtcYIuXm'),
(32, '078FGVtMKG'),
(32, '8ADpRTP2jX'),
(32, '8D1SmHpEPb'),
(32, 'CPRHy5M0W6'),
(32, 'eIJbdoRTUn'),
(32, 'ERzUPli14Y'),
(32, 'Fz3kIXuaNr'),
(32, 'gm8NXZMdcC'),
(32, 'MAo2Hsp6vk'),
(32, 'mk1Blf5X0n'),
(32, 'NxFi6MsXdq'),
(32, 'PVunG7d6Mm'),
(32, 'SCJ12AlYHN'),
(32, 'tum6xFVXev'),
(32, 'uzWaIyr5fo'),
(32, 'weDXlsUcoC'),
(32, 'XafYVpGw8m'),
(32, 'zfjtcYIuXm'),
(33, '5o89ytziCu'),
(33, '8x50qDvjya'),
(33, 'bG1aFV603j'),
(33, 'bxZKudXGnw'),
(33, 'FhprKeWsDv'),
(33, 'Fz3kIXuaNr'),
(33, 'lTKSJh3W0I'),
(33, 'MAo2Hsp6vk'),
(33, 'mk1Blf5X0n'),
(33, 'NGEYLHsyxT'),
(33, 'PVunG7d6Mm'),
(33, 'qiJIpxEXdl'),
(33, 'SCJ12AlYHN'),
(33, 'weDXlsUcoC'),
(33, 'XafYVpGw8m'),
(33, 'xqgK69ElYG'),
(34, 'atG29g4T8z'),
(34, 'AVNeowOdmS'),
(34, 'BEGSotVR2Z'),
(34, 'cFCj0XeS3n'),
(34, 'ERzUPli14Y'),
(34, 'Fz3kIXuaNr'),
(34, 'gm8NXZMdcC'),
(34, 'lbjBT7RYIo'),
(34, 'MAo2Hsp6vk'),
(34, 'MEcFhUpkgW'),
(34, 'MpOwFUZaPx'),
(34, 'PVunG7d6Mm'),
(34, 'qiJIpxEXdl'),
(34, 'xqgK69ElYG'),
(35, '8D1SmHpEPb'),
(35, 'bG1aFV603j'),
(35, 'bwIFRJuxzT'),
(35, 'cFCj0XeS3n'),
(35, 'CPOe74unyb'),
(35, 'ERzUPli14Y'),
(35, 'gm8NXZMdcC'),
(35, 'Jh0dHz2jVx'),
(35, 'lbjBT7RYIo'),
(35, 'lTKSJh3W0I'),
(35, 'SCJ12AlYHN'),
(35, 'sjz2mqkG1D'),
(35, 'tum6xFVXev'),
(35, 'uzWaIyr5fo'),
(35, 'X9EADOW5Zd'),
(35, 'yT4cuv0V9m'),
(36, '5o89ytziCu'),
(36, '8x50qDvjya'),
(36, '94GbI1Aoxy'),
(36, 'atG29g4T8z'),
(36, 'bG1aFV603j'),
(36, 'bwIFRJuxzT'),
(36, 'iSoXx7nBO1'),
(36, 'MAo2Hsp6vk'),
(36, 'MEcFhUpkgW'),
(36, 'NGEYLHsyxT'),
(36, 'NxFi6MsXdq'),
(36, 'OPG35d8uoc'),
(36, 'qiJIpxEXdl'),
(36, 'sjz2mqkG1D'),
(36, 'tum6xFVXev'),
(36, 'umKyUkclhb'),
(36, 'VyFUdDxPeX'),
(36, 'weDXlsUcoC'),
(36, 'X9EADOW5Zd'),
(37, '94GbI1Aoxy'),
(37, 'b7vkXrV0lp'),
(37, 'BEGSotVR2Z'),
(37, 'CPOe74unyb'),
(37, 'dnHpjIqYva'),
(37, 'hGMjYpRWAz'),
(37, 'Jh0dHz2jVx'),
(37, 'MAo2Hsp6vk'),
(37, 'MEcFhUpkgW'),
(37, 'mk1Blf5X0n'),
(37, 'NGEYLHsyxT'),
(37, 'NxFi6MsXdq'),
(37, 'PVunG7d6Mm'),
(37, 'VyFUdDxPeX'),
(37, 'XafYVpGw8m'),
(37, 'zfjtcYIuXm'),
(38, '5o89ytziCu'),
(38, 'atG29g4T8z'),
(38, 'AVNeowOdmS'),
(38, 'BEGSotVR2Z'),
(38, 'cFCj0XeS3n'),
(38, 'CPOe74unyb'),
(38, 'dnHpjIqYva'),
(38, 'eIJbdoRTUn'),
(38, 'FhprKeWsDv'),
(38, 'gm8NXZMdcC'),
(38, 'MAo2Hsp6vk'),
(38, 'MEcFhUpkgW'),
(38, 'MpOwFUZaPx'),
(38, 'tum6xFVXev'),
(38, 'umKyUkclhb'),
(38, 'X9EADOW5Zd'),
(38, 'xqgK69ElYG'),
(39, '5o89ytziCu'),
(39, '8D1SmHpEPb'),
(39, 'atG29g4T8z'),
(39, 'b7vkXrV0lp'),
(39, 'BEGSotVR2Z'),
(39, 'FhprKeWsDv'),
(39, 'Fz3kIXuaNr'),
(39, 'hGMjYpRWAz'),
(39, 'Jh0dHz2jVx'),
(39, 'MpOwFUZaPx'),
(39, 'PVunG7d6Mm'),
(39, 'qiJIpxEXdl'),
(39, 'sjz2mqkG1D'),
(39, 'umKyUkclhb'),
(39, 'wjGInR2A9H'),
(39, 'zfjtcYIuXm'),
(40, '8ADpRTP2jX'),
(40, '94GbI1Aoxy'),
(40, 'BEGSotVR2Z'),
(40, 'bxZKudXGnw'),
(40, 'CPOe74unyb'),
(40, 'eIJbdoRTUn'),
(40, 'Jh0dHz2jVx'),
(40, 'MEcFhUpkgW'),
(40, 'mk1Blf5X0n'),
(40, 'MpOwFUZaPx'),
(40, 'OPG35d8uoc'),
(40, 'PVunG7d6Mm'),
(40, 'SCJ12AlYHN'),
(40, 'tum6xFVXev'),
(40, 'uzWaIyr5fo'),
(40, 'XafYVpGw8m'),
(40, 'xqgK69ElYG'),
(41, '078FGVtMKG'),
(41, '5o89ytziCu'),
(41, 'BEGSotVR2Z'),
(41, 'bG1aFV603j'),
(41, 'CPOe74unyb'),
(41, 'gm8NXZMdcC'),
(41, 'hGMjYpRWAz'),
(41, 'MEcFhUpkgW'),
(41, 'NxFi6MsXdq'),
(41, 'OPG35d8uoc'),
(41, 'sjz2mqkG1D'),
(41, 'tum6xFVXev'),
(41, 'umKyUkclhb'),
(41, 'vaPVDNjH6O'),
(41, 'weDXlsUcoC'),
(41, 'zfjtcYIuXm'),
(42, '078FGVtMKG'),
(42, '94GbI1Aoxy'),
(42, 'CPOe74unyb'),
(42, 'FhprKeWsDv'),
(42, 'Fz3kIXuaNr'),
(42, 'hGMjYpRWAz'),
(42, 'lbjBT7RYIo'),
(42, 'lTKSJh3W0I'),
(42, 'qiJIpxEXdl'),
(42, 'tum6xFVXev'),
(42, 'X9EADOW5Zd'),
(42, 'yT4cuv0V9m'),
(43, '078FGVtMKG'),
(43, '8ADpRTP2jX'),
(43, '94GbI1Aoxy'),
(43, 'atG29g4T8z'),
(43, 'AVNeowOdmS'),
(43, 'bxZKudXGnw'),
(43, 'cFCj0XeS3n'),
(43, 'CPOe74unyb'),
(43, 'CPRHy5M0W6'),
(43, 'dnHpjIqYva'),
(43, 'eIJbdoRTUn'),
(43, 'ERzUPli14Y'),
(43, 'iSoXx7nBO1'),
(43, 'MpOwFUZaPx'),
(43, 'NGEYLHsyxT'),
(43, 'NxFi6MsXdq'),
(43, 'tum6xFVXev'),
(43, 'VyFUdDxPeX'),
(43, 'weDXlsUcoC'),
(43, 'X9EADOW5Zd'),
(43, 'yT4cuv0V9m'),
(44, '5o89ytziCu'),
(44, '8ADpRTP2jX'),
(44, '8D1SmHpEPb'),
(44, '8x50qDvjya'),
(44, '94GbI1Aoxy'),
(44, 'atG29g4T8z'),
(44, 'AVNeowOdmS'),
(44, 'cFCj0XeS3n'),
(44, 'CPRHy5M0W6'),
(44, 'eIJbdoRTUn'),
(44, 'ERzUPli14Y'),
(44, 'FhprKeWsDv'),
(44, 'hGMjYpRWAz'),
(44, 'lbjBT7RYIo'),
(44, 'MAo2Hsp6vk'),
(44, 'MEcFhUpkgW'),
(44, 'NxFi6MsXdq'),
(44, 'qiJIpxEXdl'),
(44, 'SCJ12AlYHN'),
(44, 'sjz2mqkG1D'),
(44, 'tum6xFVXev'),
(44, 'uzWaIyr5fo'),
(44, 'VyFUdDxPeX'),
(44, 'weDXlsUcoC'),
(44, 'wjGInR2A9H'),
(44, 'X9EADOW5Zd'),
(44, 'xqgK69ElYG'),
(44, 'yT4cuv0V9m'),
(45, '8ADpRTP2jX'),
(45, '8x50qDvjya'),
(45, 'atG29g4T8z'),
(45, 'AVNeowOdmS'),
(45, 'bwIFRJuxzT'),
(45, 'bxZKudXGnw'),
(45, 'cFCj0XeS3n'),
(45, 'CPRHy5M0W6'),
(45, 'dnHpjIqYva'),
(45, 'FhprKeWsDv'),
(45, 'Jh0dHz2jVx'),
(45, 'MAo2Hsp6vk'),
(45, 'MEcFhUpkgW'),
(45, 'mk1Blf5X0n'),
(45, 'NGEYLHsyxT'),
(45, 'OPG35d8uoc'),
(45, 'PVunG7d6Mm'),
(45, 'sjz2mqkG1D'),
(45, 'tum6xFVXev'),
(45, 'uzWaIyr5fo'),
(45, 'weDXlsUcoC'),
(45, 'wjGInR2A9H'),
(45, 'xqgK69ElYG'),
(46, '8ADpRTP2jX'),
(46, '8D1SmHpEPb'),
(46, 'BEGSotVR2Z'),
(46, 'cFCj0XeS3n'),
(46, 'Fz3kIXuaNr'),
(46, 'gm8NXZMdcC'),
(46, 'hGMjYpRWAz'),
(46, 'lbjBT7RYIo'),
(46, 'lTKSJh3W0I'),
(46, 'MEcFhUpkgW'),
(46, 'OPG35d8uoc'),
(46, 'PVunG7d6Mm'),
(46, 'sjz2mqkG1D'),
(46, 'tum6xFVXev'),
(46, 'uzWaIyr5fo'),
(46, 'vaPVDNjH6O'),
(46, 'VyFUdDxPeX'),
(46, 'yT4cuv0V9m'),
(47, '5o89ytziCu'),
(47, '8ADpRTP2jX'),
(47, '8x50qDvjya'),
(47, '94GbI1Aoxy'),
(47, 'bG1aFV603j'),
(47, 'CPOe74unyb'),
(47, 'CPRHy5M0W6'),
(47, 'iSoXx7nBO1'),
(47, 'lTKSJh3W0I'),
(47, 'umKyUkclhb'),
(47, 'wjGInR2A9H'),
(47, 'XafYVpGw8m'),
(47, 'zfjtcYIuXm'),
(48, '8ADpRTP2jX'),
(48, '8D1SmHpEPb'),
(48, '94GbI1Aoxy'),
(48, 'AVNeowOdmS'),
(48, 'BEGSotVR2Z'),
(48, 'bwIFRJuxzT'),
(48, 'bxZKudXGnw'),
(48, 'cFCj0XeS3n'),
(48, 'hGMjYpRWAz'),
(48, 'Jh0dHz2jVx'),
(48, 'mk1Blf5X0n'),
(48, 'NGEYLHsyxT'),
(48, 'NxFi6MsXdq'),
(48, 'PVunG7d6Mm'),
(48, 'qiJIpxEXdl'),
(48, 'SCJ12AlYHN'),
(48, 'tum6xFVXev'),
(48, 'weDXlsUcoC'),
(48, 'wjGInR2A9H'),
(48, 'X9EADOW5Zd'),
(48, 'XafYVpGw8m'),
(48, 'yT4cuv0V9m'),
(49, '8ADpRTP2jX'),
(49, '8D1SmHpEPb'),
(49, '8x50qDvjya'),
(49, 'bxZKudXGnw'),
(49, 'CPRHy5M0W6'),
(49, 'dnHpjIqYva'),
(49, 'Fz3kIXuaNr'),
(49, 'gm8NXZMdcC'),
(49, 'iSoXx7nBO1'),
(49, 'Jh0dHz2jVx'),
(49, 'lTKSJh3W0I'),
(49, 'MEcFhUpkgW'),
(49, 'NGEYLHsyxT'),
(49, 'umKyUkclhb'),
(49, 'VyFUdDxPeX'),
(49, 'weDXlsUcoC'),
(49, 'wjGInR2A9H'),
(49, 'X9EADOW5Zd'),
(49, 'yT4cuv0V9m'),
(50, '8ADpRTP2jX'),
(50, '8D1SmHpEPb'),
(50, '8x50qDvjya'),
(50, 'AVNeowOdmS'),
(50, 'BEGSotVR2Z'),
(50, 'bG1aFV603j'),
(50, 'bxZKudXGnw'),
(50, 'CPRHy5M0W6'),
(50, 'Fz3kIXuaNr'),
(50, 'gm8NXZMdcC'),
(50, 'hGMjYpRWAz'),
(50, 'iSoXx7nBO1'),
(50, 'lbjBT7RYIo'),
(50, 'lTKSJh3W0I'),
(50, 'MAo2Hsp6vk'),
(50, 'MEcFhUpkgW'),
(50, 'mk1Blf5X0n'),
(50, 'MpOwFUZaPx'),
(50, 'NGEYLHsyxT'),
(50, 'NxFi6MsXdq'),
(50, 'PVunG7d6Mm'),
(50, 'qiJIpxEXdl'),
(50, 'sjz2mqkG1D'),
(50, 'tum6xFVXev'),
(50, 'uzWaIyr5fo'),
(50, 'xqgK69ElYG'),
(51, '94GbI1Aoxy'),
(51, 'atG29g4T8z'),
(51, 'BEGSotVR2Z'),
(51, 'bG1aFV603j'),
(51, 'CPRHy5M0W6'),
(51, 'Jh0dHz2jVx'),
(51, 'lbjBT7RYIo'),
(51, 'MAo2Hsp6vk'),
(51, 'MEcFhUpkgW'),
(51, 'mk1Blf5X0n'),
(51, 'MpOwFUZaPx'),
(51, 'OPG35d8uoc'),
(51, 'PVunG7d6Mm'),
(51, 'qiJIpxEXdl'),
(51, 'SCJ12AlYHN'),
(51, 'uzWaIyr5fo'),
(51, 'vaPVDNjH6O'),
(51, 'VyFUdDxPeX'),
(51, 'weDXlsUcoC'),
(51, 'X9EADOW5Zd'),
(51, 'XafYVpGw8m'),
(51, 'yT4cuv0V9m'),
(52, '078FGVtMKG'),
(52, '5o89ytziCu'),
(52, '8D1SmHpEPb'),
(52, 'AVNeowOdmS'),
(52, 'dnHpjIqYva'),
(52, 'ERzUPli14Y'),
(52, 'iSoXx7nBO1'),
(52, 'Jh0dHz2jVx'),
(52, 'MEcFhUpkgW'),
(52, 'NGEYLHsyxT'),
(52, 'NxFi6MsXdq'),
(52, 'OPG35d8uoc'),
(52, 'umKyUkclhb'),
(52, 'vaPVDNjH6O'),
(52, 'wjGInR2A9H'),
(52, 'X9EADOW5Zd'),
(53, '8ADpRTP2jX'),
(53, '8x50qDvjya'),
(53, '94GbI1Aoxy'),
(53, 'atG29g4T8z'),
(53, 'AVNeowOdmS'),
(53, 'b7vkXrV0lp'),
(53, 'cFCj0XeS3n'),
(53, 'CPOe74unyb'),
(53, 'CPRHy5M0W6'),
(53, 'dnHpjIqYva'),
(53, 'FhprKeWsDv'),
(53, 'hGMjYpRWAz'),
(53, 'iSoXx7nBO1'),
(53, 'MpOwFUZaPx'),
(53, 'vaPVDNjH6O'),
(53, 'VyFUdDxPeX'),
(53, 'wjGInR2A9H'),
(53, 'xqgK69ElYG'),
(54, '8D1SmHpEPb'),
(54, '94GbI1Aoxy'),
(54, 'atG29g4T8z'),
(54, 'AVNeowOdmS'),
(54, 'BEGSotVR2Z'),
(54, 'bwIFRJuxzT'),
(54, 'eIJbdoRTUn'),
(54, 'FhprKeWsDv'),
(54, 'gm8NXZMdcC'),
(54, 'hGMjYpRWAz'),
(54, 'Jh0dHz2jVx'),
(54, 'lTKSJh3W0I'),
(54, 'MAo2Hsp6vk'),
(54, 'mk1Blf5X0n'),
(54, 'MpOwFUZaPx'),
(54, 'sjz2mqkG1D'),
(54, 'uzWaIyr5fo'),
(54, 'vaPVDNjH6O'),
(54, 'wjGInR2A9H'),
(54, 'xqgK69ElYG'),
(54, 'yT4cuv0V9m'),
(55, '078FGVtMKG'),
(55, '8ADpRTP2jX'),
(55, '94GbI1Aoxy'),
(55, 'b7vkXrV0lp'),
(55, 'bwIFRJuxzT'),
(55, 'lbjBT7RYIo'),
(55, 'lTKSJh3W0I'),
(55, 'MAo2Hsp6vk'),
(55, 'mk1Blf5X0n'),
(55, 'MpOwFUZaPx'),
(55, 'NGEYLHsyxT'),
(55, 'PVunG7d6Mm'),
(55, 'qiJIpxEXdl'),
(55, 'SCJ12AlYHN'),
(55, 'vaPVDNjH6O'),
(55, 'xqgK69ElYG'),
(55, 'yT4cuv0V9m'),
(55, 'zfjtcYIuXm'),
(56, 'b7vkXrV0lp'),
(56, 'BEGSotVR2Z'),
(56, 'bwIFRJuxzT'),
(56, 'bxZKudXGnw'),
(56, 'CPOe74unyb'),
(56, 'ERzUPli14Y'),
(56, 'FhprKeWsDv'),
(56, 'lbjBT7RYIo'),
(56, 'lTKSJh3W0I'),
(56, 'MAo2Hsp6vk'),
(56, 'mk1Blf5X0n'),
(56, 'MpOwFUZaPx'),
(56, 'NxFi6MsXdq'),
(56, 'sjz2mqkG1D'),
(56, 'vaPVDNjH6O'),
(56, 'wjGInR2A9H'),
(56, 'xqgK69ElYG'),
(57, '8ADpRTP2jX'),
(57, '8D1SmHpEPb'),
(57, 'b7vkXrV0lp'),
(57, 'bG1aFV603j'),
(57, 'bxZKudXGnw'),
(57, 'cFCj0XeS3n'),
(57, 'CPRHy5M0W6'),
(57, 'ERzUPli14Y'),
(57, 'Fz3kIXuaNr'),
(57, 'Jh0dHz2jVx'),
(57, 'MpOwFUZaPx'),
(57, 'umKyUkclhb'),
(57, 'vaPVDNjH6O'),
(57, 'yT4cuv0V9m'),
(58, '078FGVtMKG'),
(58, '8x50qDvjya'),
(58, 'BEGSotVR2Z'),
(58, 'eIJbdoRTUn'),
(58, 'iSoXx7nBO1'),
(58, 'lTKSJh3W0I'),
(58, 'mk1Blf5X0n'),
(58, 'uzWaIyr5fo'),
(58, 'vaPVDNjH6O'),
(58, 'VyFUdDxPeX'),
(58, 'weDXlsUcoC'),
(58, 'XafYVpGw8m'),
(58, 'xqgK69ElYG'),
(58, 'zfjtcYIuXm'),
(59, '078FGVtMKG'),
(59, '8ADpRTP2jX'),
(59, '8D1SmHpEPb'),
(59, '94GbI1Aoxy'),
(59, 'eIJbdoRTUn'),
(59, 'FhprKeWsDv'),
(59, 'iSoXx7nBO1'),
(59, 'lbjBT7RYIo'),
(59, 'NGEYLHsyxT'),
(59, 'OPG35d8uoc'),
(59, 'qiJIpxEXdl'),
(59, 'tum6xFVXev'),
(59, 'X9EADOW5Zd'),
(59, 'yT4cuv0V9m'),
(59, 'zfjtcYIuXm'),
(60, '078FGVtMKG'),
(60, 'BEGSotVR2Z'),
(60, 'bwIFRJuxzT'),
(60, 'bxZKudXGnw'),
(60, 'cFCj0XeS3n'),
(60, 'CPRHy5M0W6'),
(60, 'ERzUPli14Y'),
(60, 'hGMjYpRWAz'),
(60, 'iSoXx7nBO1'),
(60, 'Jh0dHz2jVx'),
(60, 'lTKSJh3W0I'),
(60, 'MEcFhUpkgW'),
(60, 'qiJIpxEXdl'),
(60, 'XafYVpGw8m'),
(60, 'xqgK69ElYG'),
(61, '8x50qDvjya'),
(61, '94GbI1Aoxy'),
(61, 'BEGSotVR2Z'),
(61, 'ERzUPli14Y'),
(61, 'FhprKeWsDv'),
(61, 'hGMjYpRWAz'),
(61, 'iSoXx7nBO1'),
(61, 'lTKSJh3W0I'),
(61, 'MpOwFUZaPx'),
(61, 'NGEYLHsyxT'),
(61, 'NxFi6MsXdq'),
(61, 'OPG35d8uoc'),
(61, 'sjz2mqkG1D'),
(61, 'tum6xFVXev'),
(61, 'weDXlsUcoC'),
(61, 'wjGInR2A9H'),
(61, 'yT4cuv0V9m'),
(62, '5o89ytziCu'),
(62, 'AVNeowOdmS'),
(62, 'BEGSotVR2Z'),
(62, 'bxZKudXGnw'),
(62, 'cFCj0XeS3n'),
(62, 'ERzUPli14Y'),
(62, 'FhprKeWsDv'),
(62, 'gm8NXZMdcC'),
(62, 'MpOwFUZaPx'),
(62, 'NxFi6MsXdq'),
(62, 'OPG35d8uoc'),
(62, 'qiJIpxEXdl'),
(62, 'umKyUkclhb'),
(62, 'uzWaIyr5fo'),
(62, 'vaPVDNjH6O'),
(62, 'VyFUdDxPeX'),
(62, 'weDXlsUcoC'),
(62, 'X9EADOW5Zd'),
(62, 'XafYVpGw8m'),
(63, '5o89ytziCu'),
(63, '8D1SmHpEPb'),
(63, 'CPOe74unyb'),
(63, 'ERzUPli14Y'),
(63, 'Fz3kIXuaNr'),
(63, 'gm8NXZMdcC'),
(63, 'Jh0dHz2jVx'),
(63, 'lTKSJh3W0I'),
(63, 'MEcFhUpkgW'),
(63, 'uzWaIyr5fo'),
(63, 'vaPVDNjH6O'),
(63, 'xqgK69ElYG'),
(63, 'yT4cuv0V9m'),
(64, '078FGVtMKG'),
(64, '8x50qDvjya'),
(64, 'atG29g4T8z'),
(64, 'bxZKudXGnw'),
(64, 'cFCj0XeS3n'),
(64, 'ERzUPli14Y'),
(64, 'Fz3kIXuaNr'),
(64, 'hGMjYpRWAz'),
(64, 'OPG35d8uoc'),
(64, 'SCJ12AlYHN'),
(64, 'umKyUkclhb'),
(64, 'weDXlsUcoC'),
(64, 'X9EADOW5Zd'),
(64, 'XafYVpGw8m'),
(64, 'zfjtcYIuXm'),
(65, '94GbI1Aoxy'),
(65, 'AVNeowOdmS'),
(65, 'bG1aFV603j'),
(65, 'CPOe74unyb'),
(65, 'CPRHy5M0W6'),
(65, 'dnHpjIqYva'),
(65, 'ERzUPli14Y'),
(65, 'gm8NXZMdcC'),
(65, 'mk1Blf5X0n'),
(65, 'tum6xFVXev'),
(65, 'wjGInR2A9H'),
(65, 'yT4cuv0V9m'),
(66, '078FGVtMKG'),
(66, '8x50qDvjya'),
(66, '94GbI1Aoxy'),
(66, 'atG29g4T8z'),
(66, 'BEGSotVR2Z'),
(66, 'bG1aFV603j'),
(66, 'CPOe74unyb'),
(66, 'CPRHy5M0W6'),
(66, 'dnHpjIqYva'),
(66, 'FhprKeWsDv'),
(66, 'lbjBT7RYIo'),
(66, 'lTKSJh3W0I'),
(66, 'PVunG7d6Mm'),
(66, 'qiJIpxEXdl'),
(66, 'tum6xFVXev'),
(66, 'uzWaIyr5fo'),
(66, 'weDXlsUcoC'),
(66, 'wjGInR2A9H'),
(67, '5o89ytziCu'),
(67, 'atG29g4T8z'),
(67, 'AVNeowOdmS'),
(67, 'bwIFRJuxzT'),
(67, 'eIJbdoRTUn'),
(67, 'ERzUPli14Y'),
(67, 'FhprKeWsDv'),
(67, 'gm8NXZMdcC'),
(67, 'hGMjYpRWAz'),
(67, 'Jh0dHz2jVx'),
(67, 'MpOwFUZaPx'),
(67, 'OPG35d8uoc'),
(67, 'PVunG7d6Mm'),
(67, 'sjz2mqkG1D'),
(67, 'vaPVDNjH6O'),
(67, 'wjGInR2A9H'),
(67, 'X9EADOW5Zd'),
(67, 'xqgK69ElYG'),
(68, '8ADpRTP2jX'),
(68, 'atG29g4T8z'),
(68, 'b7vkXrV0lp'),
(68, 'bG1aFV603j'),
(68, 'bxZKudXGnw'),
(68, 'eIJbdoRTUn'),
(68, 'FhprKeWsDv'),
(68, 'hGMjYpRWAz'),
(68, 'iSoXx7nBO1'),
(68, 'Jh0dHz2jVx'),
(68, 'lTKSJh3W0I'),
(68, 'sjz2mqkG1D'),
(68, 'umKyUkclhb'),
(68, 'VyFUdDxPeX'),
(68, 'XafYVpGw8m'),
(68, 'zfjtcYIuXm'),
(69, '078FGVtMKG'),
(69, '8x50qDvjya'),
(69, 'bG1aFV603j'),
(69, 'bxZKudXGnw'),
(69, 'cFCj0XeS3n'),
(69, 'ERzUPli14Y'),
(69, 'iSoXx7nBO1'),
(69, 'Jh0dHz2jVx'),
(69, 'lbjBT7RYIo'),
(69, 'MAo2Hsp6vk'),
(69, 'MEcFhUpkgW'),
(69, 'NxFi6MsXdq'),
(69, 'SCJ12AlYHN'),
(69, 'tum6xFVXev'),
(69, 'umKyUkclhb'),
(69, 'VyFUdDxPeX'),
(69, 'XafYVpGw8m'),
(70, 'atG29g4T8z'),
(70, 'AVNeowOdmS'),
(70, 'b7vkXrV0lp'),
(70, 'BEGSotVR2Z'),
(70, 'bwIFRJuxzT'),
(70, 'gm8NXZMdcC'),
(70, 'hGMjYpRWAz'),
(70, 'lbjBT7RYIo'),
(70, 'NGEYLHsyxT'),
(70, 'vaPVDNjH6O'),
(70, 'weDXlsUcoC'),
(70, 'wjGInR2A9H'),
(70, 'X9EADOW5Zd'),
(70, 'zfjtcYIuXm'),
(71, '5o89ytziCu'),
(71, '8x50qDvjya'),
(71, 'AVNeowOdmS'),
(71, 'b7vkXrV0lp'),
(71, 'BEGSotVR2Z'),
(71, 'cFCj0XeS3n'),
(71, 'CPOe74unyb'),
(71, 'Fz3kIXuaNr'),
(71, 'gm8NXZMdcC'),
(71, 'Jh0dHz2jVx'),
(71, 'mk1Blf5X0n'),
(71, 'SCJ12AlYHN'),
(71, 'umKyUkclhb'),
(71, 'VyFUdDxPeX'),
(71, 'weDXlsUcoC'),
(71, 'xqgK69ElYG'),
(71, 'yT4cuv0V9m'),
(72, '078FGVtMKG'),
(72, '5o89ytziCu'),
(72, '8ADpRTP2jX'),
(72, '8D1SmHpEPb'),
(72, 'b7vkXrV0lp'),
(72, 'cFCj0XeS3n'),
(72, 'CPOe74unyb'),
(72, 'dnHpjIqYva'),
(72, 'ERzUPli14Y'),
(72, 'Jh0dHz2jVx'),
(72, 'VyFUdDxPeX'),
(72, 'xqgK69ElYG'),
(72, 'yT4cuv0V9m'),
(72, 'zfjtcYIuXm'),
(73, '078FGVtMKG'),
(73, 'AVNeowOdmS'),
(73, 'cFCj0XeS3n'),
(73, 'CPRHy5M0W6'),
(73, 'Fz3kIXuaNr'),
(73, 'iSoXx7nBO1'),
(73, 'lbjBT7RYIo'),
(73, 'lTKSJh3W0I'),
(73, 'MAo2Hsp6vk'),
(73, 'NGEYLHsyxT'),
(73, 'sjz2mqkG1D'),
(73, 'wjGInR2A9H'),
(74, '078FGVtMKG'),
(74, '8x50qDvjya'),
(74, 'CPOe74unyb'),
(74, 'dnHpjIqYva'),
(74, 'Fz3kIXuaNr'),
(74, 'MAo2Hsp6vk'),
(74, 'MEcFhUpkgW'),
(74, 'mk1Blf5X0n'),
(74, 'MpOwFUZaPx'),
(74, 'qiJIpxEXdl'),
(74, 'SCJ12AlYHN'),
(74, 'tum6xFVXev'),
(74, 'VyFUdDxPeX'),
(74, 'X9EADOW5Zd'),
(74, 'zfjtcYIuXm'),
(75, '8D1SmHpEPb'),
(75, 'AVNeowOdmS'),
(75, 'bwIFRJuxzT'),
(75, 'CPOe74unyb'),
(75, 'eIJbdoRTUn'),
(75, 'ERzUPli14Y'),
(75, 'hGMjYpRWAz'),
(75, 'iSoXx7nBO1'),
(75, 'Jh0dHz2jVx'),
(75, 'MAo2Hsp6vk'),
(75, 'OPG35d8uoc'),
(75, 'PVunG7d6Mm'),
(75, 'qiJIpxEXdl'),
(75, 'sjz2mqkG1D'),
(75, 'umKyUkclhb'),
(75, 'vaPVDNjH6O'),
(75, 'VyFUdDxPeX'),
(76, '94GbI1Aoxy'),
(76, 'b7vkXrV0lp'),
(76, 'BEGSotVR2Z'),
(76, 'bG1aFV603j'),
(76, 'bwIFRJuxzT'),
(76, 'eIJbdoRTUn'),
(76, 'FhprKeWsDv'),
(76, 'gm8NXZMdcC'),
(76, 'iSoXx7nBO1'),
(76, 'MAo2Hsp6vk'),
(76, 'MpOwFUZaPx'),
(76, 'NxFi6MsXdq'),
(76, 'OPG35d8uoc'),
(76, 'SCJ12AlYHN'),
(76, 'vaPVDNjH6O'),
(76, 'VyFUdDxPeX'),
(76, 'XafYVpGw8m'),
(77, '078FGVtMKG'),
(77, 'atG29g4T8z'),
(77, 'bG1aFV603j'),
(77, 'dnHpjIqYva'),
(77, 'eIJbdoRTUn'),
(77, 'hGMjYpRWAz'),
(77, 'iSoXx7nBO1'),
(77, 'MAo2Hsp6vk'),
(77, 'MpOwFUZaPx'),
(77, 'NxFi6MsXdq'),
(77, 'OPG35d8uoc'),
(77, 'SCJ12AlYHN'),
(77, 'tum6xFVXev'),
(77, 'uzWaIyr5fo'),
(77, 'weDXlsUcoC'),
(77, 'wjGInR2A9H'),
(77, 'zfjtcYIuXm'),
(78, '078FGVtMKG'),
(78, '8D1SmHpEPb'),
(78, '8x50qDvjya'),
(78, 'b7vkXrV0lp'),
(78, 'bG1aFV603j'),
(78, 'gm8NXZMdcC'),
(78, 'lbjBT7RYIo'),
(78, 'mk1Blf5X0n'),
(78, 'PVunG7d6Mm'),
(78, 'SCJ12AlYHN'),
(78, 'tum6xFVXev'),
(78, 'xqgK69ElYG'),
(79, '5o89ytziCu'),
(79, '8ADpRTP2jX'),
(79, 'atG29g4T8z'),
(79, 'bG1aFV603j'),
(79, 'CPOe74unyb'),
(79, 'Fz3kIXuaNr'),
(79, 'iSoXx7nBO1'),
(79, 'Jh0dHz2jVx'),
(79, 'lTKSJh3W0I'),
(79, 'MEcFhUpkgW'),
(79, 'MpOwFUZaPx'),
(79, 'OPG35d8uoc'),
(79, 'PVunG7d6Mm'),
(79, 'SCJ12AlYHN'),
(79, 'umKyUkclhb'),
(79, 'vaPVDNjH6O'),
(79, 'X9EADOW5Zd'),
(79, 'xqgK69ElYG'),
(79, 'yT4cuv0V9m'),
(80, '8x50qDvjya'),
(80, 'bG1aFV603j'),
(80, 'bwIFRJuxzT'),
(80, 'CPOe74unyb'),
(80, 'CPRHy5M0W6'),
(80, 'FhprKeWsDv'),
(80, 'Fz3kIXuaNr'),
(80, 'gm8NXZMdcC'),
(80, 'Jh0dHz2jVx'),
(80, 'MpOwFUZaPx'),
(80, 'NGEYLHsyxT'),
(80, 'OPG35d8uoc'),
(80, 'tum6xFVXev'),
(80, 'zfjtcYIuXm'),
(81, '078FGVtMKG'),
(81, '94GbI1Aoxy'),
(81, 'atG29g4T8z'),
(81, 'b7vkXrV0lp'),
(81, 'bwIFRJuxzT'),
(81, 'bxZKudXGnw'),
(81, 'cFCj0XeS3n'),
(81, 'CPRHy5M0W6'),
(81, 'ERzUPli14Y'),
(81, 'FhprKeWsDv'),
(81, 'lTKSJh3W0I'),
(81, 'MEcFhUpkgW'),
(81, 'NxFi6MsXdq'),
(81, 'umKyUkclhb'),
(81, 'uzWaIyr5fo'),
(81, 'VyFUdDxPeX'),
(81, 'weDXlsUcoC'),
(81, 'wjGInR2A9H'),
(81, 'xqgK69ElYG'),
(82, 'bxZKudXGnw'),
(82, 'ERzUPli14Y'),
(82, 'FhprKeWsDv'),
(82, 'lTKSJh3W0I'),
(82, 'MAo2Hsp6vk'),
(82, 'mk1Blf5X0n'),
(82, 'MpOwFUZaPx'),
(82, 'NGEYLHsyxT'),
(82, 'uzWaIyr5fo'),
(82, 'vaPVDNjH6O'),
(82, 'X9EADOW5Zd'),
(83, '078FGVtMKG'),
(83, '8x50qDvjya'),
(83, 'bwIFRJuxzT'),
(83, 'bxZKudXGnw'),
(83, 'eIJbdoRTUn'),
(83, 'NGEYLHsyxT'),
(83, 'NxFi6MsXdq'),
(83, 'sjz2mqkG1D'),
(83, 'wjGInR2A9H'),
(83, 'X9EADOW5Zd'),
(83, 'XafYVpGw8m'),
(83, 'zfjtcYIuXm'),
(84, '078FGVtMKG'),
(84, '8x50qDvjya'),
(84, '94GbI1Aoxy'),
(84, 'atG29g4T8z'),
(84, 'bG1aFV603j'),
(84, 'bwIFRJuxzT'),
(84, 'cFCj0XeS3n'),
(84, 'CPRHy5M0W6'),
(84, 'eIJbdoRTUn'),
(84, 'ERzUPli14Y'),
(84, 'gm8NXZMdcC'),
(84, 'hGMjYpRWAz'),
(84, 'lTKSJh3W0I'),
(84, 'mk1Blf5X0n'),
(84, 'NGEYLHsyxT'),
(84, 'NxFi6MsXdq'),
(84, 'qiJIpxEXdl'),
(84, 'vaPVDNjH6O'),
(84, 'VyFUdDxPeX'),
(84, 'X9EADOW5Zd'),
(84, 'XafYVpGw8m'),
(84, 'xqgK69ElYG'),
(84, 'yT4cuv0V9m'),
(85, '078FGVtMKG'),
(85, '8x50qDvjya'),
(85, 'AVNeowOdmS'),
(85, 'BEGSotVR2Z'),
(85, 'bG1aFV603j'),
(85, 'bwIFRJuxzT'),
(85, 'CPRHy5M0W6'),
(85, 'Jh0dHz2jVx'),
(85, 'MAo2Hsp6vk'),
(85, 'qiJIpxEXdl'),
(85, 'weDXlsUcoC'),
(85, 'X9EADOW5Zd'),
(85, 'XafYVpGw8m'),
(85, 'xqgK69ElYG'),
(86, '8ADpRTP2jX'),
(86, '8D1SmHpEPb'),
(86, 'AVNeowOdmS'),
(86, 'BEGSotVR2Z'),
(86, 'bG1aFV603j'),
(86, 'bxZKudXGnw'),
(86, 'dnHpjIqYva'),
(86, 'eIJbdoRTUn'),
(86, 'FhprKeWsDv'),
(86, 'gm8NXZMdcC'),
(86, 'iSoXx7nBO1'),
(86, 'Jh0dHz2jVx'),
(86, 'lTKSJh3W0I'),
(86, 'mk1Blf5X0n'),
(86, 'uzWaIyr5fo'),
(86, 'vaPVDNjH6O'),
(86, 'X9EADOW5Zd'),
(86, 'XafYVpGw8m'),
(86, 'zfjtcYIuXm'),
(87, '8D1SmHpEPb'),
(87, 'b7vkXrV0lp'),
(87, 'bwIFRJuxzT'),
(87, 'bxZKudXGnw'),
(87, 'cFCj0XeS3n'),
(87, 'eIJbdoRTUn'),
(87, 'ERzUPli14Y'),
(87, 'FhprKeWsDv'),
(87, 'gm8NXZMdcC'),
(87, 'MAo2Hsp6vk'),
(87, 'MEcFhUpkgW'),
(87, 'mk1Blf5X0n'),
(87, 'NGEYLHsyxT'),
(87, 'qiJIpxEXdl'),
(87, 'sjz2mqkG1D'),
(87, 'uzWaIyr5fo'),
(87, 'vaPVDNjH6O'),
(87, 'weDXlsUcoC'),
(87, 'xqgK69ElYG'),
(87, 'yT4cuv0V9m'),
(87, 'zfjtcYIuXm'),
(88, '078FGVtMKG'),
(88, '5o89ytziCu'),
(88, 'AVNeowOdmS'),
(88, 'bwIFRJuxzT'),
(88, 'bxZKudXGnw'),
(88, 'cFCj0XeS3n'),
(88, 'dnHpjIqYva'),
(88, 'eIJbdoRTUn'),
(88, 'FhprKeWsDv'),
(88, 'lTKSJh3W0I'),
(88, 'MEcFhUpkgW'),
(88, 'mk1Blf5X0n'),
(88, 'NxFi6MsXdq'),
(88, 'PVunG7d6Mm'),
(88, 'SCJ12AlYHN'),
(88, 'sjz2mqkG1D'),
(88, 'umKyUkclhb'),
(88, 'VyFUdDxPeX'),
(88, 'wjGInR2A9H'),
(88, 'X9EADOW5Zd'),
(88, 'XafYVpGw8m'),
(89, '5o89ytziCu'),
(89, '8ADpRTP2jX'),
(89, '8D1SmHpEPb'),
(89, 'b7vkXrV0lp'),
(89, 'bwIFRJuxzT'),
(89, 'dnHpjIqYva'),
(89, 'Fz3kIXuaNr'),
(89, 'hGMjYpRWAz'),
(89, 'Jh0dHz2jVx'),
(89, 'lbjBT7RYIo'),
(89, 'MAo2Hsp6vk'),
(89, 'MEcFhUpkgW'),
(89, 'NGEYLHsyxT'),
(89, 'OPG35d8uoc'),
(89, 'qiJIpxEXdl'),
(89, 'SCJ12AlYHN'),
(89, 'vaPVDNjH6O'),
(89, 'X9EADOW5Zd'),
(89, 'XafYVpGw8m'),
(89, 'yT4cuv0V9m'),
(90, '078FGVtMKG'),
(90, 'b7vkXrV0lp'),
(90, 'BEGSotVR2Z'),
(90, 'bwIFRJuxzT'),
(90, 'cFCj0XeS3n'),
(90, 'dnHpjIqYva'),
(90, 'eIJbdoRTUn'),
(90, 'ERzUPli14Y'),
(90, 'Fz3kIXuaNr'),
(90, 'iSoXx7nBO1'),
(90, 'lTKSJh3W0I'),
(90, 'MAo2Hsp6vk'),
(90, 'MEcFhUpkgW'),
(90, 'NxFi6MsXdq'),
(90, 'umKyUkclhb'),
(90, 'VyFUdDxPeX'),
(90, 'X9EADOW5Zd'),
(91, '5o89ytziCu'),
(91, '8ADpRTP2jX'),
(91, '8D1SmHpEPb'),
(91, 'atG29g4T8z'),
(91, 'AVNeowOdmS'),
(91, 'CPRHy5M0W6'),
(91, 'dnHpjIqYva'),
(91, 'eIJbdoRTUn'),
(91, 'gm8NXZMdcC'),
(91, 'hGMjYpRWAz'),
(91, 'iSoXx7nBO1'),
(91, 'mk1Blf5X0n'),
(91, 'NGEYLHsyxT'),
(91, 'OPG35d8uoc'),
(91, 'PVunG7d6Mm'),
(91, 'tum6xFVXev'),
(91, 'vaPVDNjH6O'),
(91, 'weDXlsUcoC'),
(91, 'XafYVpGw8m'),
(91, 'xqgK69ElYG'),
(91, 'zfjtcYIuXm'),
(92, 'bxZKudXGnw'),
(92, 'CPRHy5M0W6'),
(92, 'eIJbdoRTUn'),
(92, 'FhprKeWsDv'),
(92, 'hGMjYpRWAz'),
(92, 'Jh0dHz2jVx'),
(92, 'lbjBT7RYIo'),
(92, 'lTKSJh3W0I'),
(92, 'NxFi6MsXdq'),
(92, 'SCJ12AlYHN'),
(92, 'sjz2mqkG1D'),
(92, 'VyFUdDxPeX'),
(92, 'yT4cuv0V9m'),
(92, 'zfjtcYIuXm'),
(93, '8x50qDvjya'),
(93, 'dnHpjIqYva'),
(93, 'eIJbdoRTUn'),
(93, 'hGMjYpRWAz'),
(93, 'lTKSJh3W0I'),
(93, 'MEcFhUpkgW'),
(93, 'NGEYLHsyxT'),
(93, 'NxFi6MsXdq'),
(93, 'OPG35d8uoc'),
(93, 'PVunG7d6Mm'),
(93, 'qiJIpxEXdl'),
(93, 'umKyUkclhb'),
(93, 'VyFUdDxPeX'),
(93, 'weDXlsUcoC'),
(93, 'wjGInR2A9H'),
(93, 'yT4cuv0V9m'),
(93, 'zfjtcYIuXm'),
(94, 'atG29g4T8z'),
(94, 'b7vkXrV0lp'),
(94, 'CPOe74unyb'),
(94, 'ERzUPli14Y'),
(94, 'gm8NXZMdcC'),
(94, 'lbjBT7RYIo'),
(94, 'MAo2Hsp6vk'),
(94, 'OPG35d8uoc'),
(94, 'PVunG7d6Mm'),
(94, 'qiJIpxEXdl'),
(94, 'SCJ12AlYHN'),
(94, 'umKyUkclhb'),
(94, 'vaPVDNjH6O'),
(94, 'weDXlsUcoC'),
(95, '078FGVtMKG'),
(95, '8x50qDvjya'),
(95, '94GbI1Aoxy'),
(95, 'atG29g4T8z'),
(95, 'BEGSotVR2Z'),
(95, 'bwIFRJuxzT'),
(95, 'bxZKudXGnw'),
(95, 'cFCj0XeS3n'),
(95, 'CPOe74unyb'),
(95, 'eIJbdoRTUn'),
(95, 'ERzUPli14Y'),
(95, 'iSoXx7nBO1'),
(95, 'mk1Blf5X0n'),
(95, 'NGEYLHsyxT'),
(95, 'qiJIpxEXdl'),
(95, 'umKyUkclhb'),
(95, 'uzWaIyr5fo'),
(95, 'wjGInR2A9H'),
(95, 'zfjtcYIuXm'),
(96, '078FGVtMKG'),
(96, 'AVNeowOdmS'),
(96, 'b7vkXrV0lp'),
(96, 'CPOe74unyb'),
(96, 'CPRHy5M0W6'),
(96, 'dnHpjIqYva'),
(96, 'FhprKeWsDv'),
(96, 'gm8NXZMdcC'),
(96, 'iSoXx7nBO1'),
(96, 'Jh0dHz2jVx'),
(96, 'lbjBT7RYIo'),
(96, 'qiJIpxEXdl'),
(96, 'tum6xFVXev'),
(96, 'uzWaIyr5fo'),
(96, 'VyFUdDxPeX'),
(96, 'weDXlsUcoC'),
(96, 'XafYVpGw8m'),
(96, 'xqgK69ElYG'),
(96, 'yT4cuv0V9m'),
(96, 'zfjtcYIuXm'),
(97, '8D1SmHpEPb'),
(97, '8x50qDvjya'),
(97, 'cFCj0XeS3n'),
(97, 'CPRHy5M0W6'),
(97, 'dnHpjIqYva'),
(97, 'eIJbdoRTUn'),
(97, 'lbjBT7RYIo'),
(97, 'MAo2Hsp6vk'),
(97, 'mk1Blf5X0n'),
(97, 'NGEYLHsyxT'),
(97, 'NxFi6MsXdq'),
(97, 'qiJIpxEXdl'),
(97, 'tum6xFVXev'),
(97, 'VyFUdDxPeX'),
(97, 'weDXlsUcoC'),
(98, '94GbI1Aoxy'),
(98, 'atG29g4T8z'),
(98, 'b7vkXrV0lp'),
(98, 'bxZKudXGnw'),
(98, 'cFCj0XeS3n'),
(98, 'dnHpjIqYva'),
(98, 'eIJbdoRTUn'),
(98, 'FhprKeWsDv'),
(98, 'gm8NXZMdcC'),
(98, 'iSoXx7nBO1'),
(98, 'NxFi6MsXdq'),
(98, 'yT4cuv0V9m'),
(99, '078FGVtMKG'),
(99, '8D1SmHpEPb'),
(99, '8x50qDvjya'),
(99, '94GbI1Aoxy'),
(99, 'AVNeowOdmS'),
(99, 'b7vkXrV0lp'),
(99, 'bwIFRJuxzT'),
(99, 'bxZKudXGnw'),
(99, 'CPOe74unyb'),
(99, 'Fz3kIXuaNr'),
(99, 'hGMjYpRWAz'),
(99, 'vaPVDNjH6O'),
(99, 'yT4cuv0V9m'),
(100, '8ADpRTP2jX'),
(100, '8D1SmHpEPb'),
(100, '94GbI1Aoxy'),
(100, 'atG29g4T8z'),
(100, 'AVNeowOdmS'),
(100, 'BEGSotVR2Z'),
(100, 'bG1aFV603j'),
(100, 'dnHpjIqYva'),
(100, 'ERzUPli14Y'),
(100, 'Fz3kIXuaNr'),
(100, 'gm8NXZMdcC'),
(100, 'Jh0dHz2jVx'),
(100, 'lTKSJh3W0I'),
(100, 'mk1Blf5X0n'),
(100, 'MpOwFUZaPx'),
(100, 'PVunG7d6Mm'),
(100, 'sjz2mqkG1D'),
(100, 'umKyUkclhb'),
(100, 'weDXlsUcoC'),
(100, 'XafYVpGw8m'),
(100, 'xqgK69ElYG'),
(100, 'zfjtcYIuXm'),
(101, '8ADpRTP2jX'),
(101, 'AVNeowOdmS'),
(101, 'b7vkXrV0lp'),
(101, 'bG1aFV603j'),
(101, 'bxZKudXGnw'),
(101, 'CPOe74unyb'),
(101, 'eIJbdoRTUn'),
(101, 'FhprKeWsDv'),
(101, 'Fz3kIXuaNr'),
(101, 'gm8NXZMdcC'),
(101, 'iSoXx7nBO1'),
(101, 'lbjBT7RYIo'),
(101, 'mk1Blf5X0n'),
(101, 'sjz2mqkG1D'),
(101, 'uzWaIyr5fo'),
(101, 'VyFUdDxPeX'),
(101, 'X9EADOW5Zd'),
(101, 'yT4cuv0V9m'),
(101, 'zfjtcYIuXm'),
(102, '5o89ytziCu'),
(102, 'AVNeowOdmS'),
(102, 'bwIFRJuxzT'),
(102, 'CPRHy5M0W6'),
(102, 'FhprKeWsDv'),
(102, 'Fz3kIXuaNr'),
(102, 'MAo2Hsp6vk'),
(102, 'MEcFhUpkgW'),
(102, 'NGEYLHsyxT'),
(102, 'PVunG7d6Mm'),
(102, 'SCJ12AlYHN'),
(102, 'umKyUkclhb'),
(102, 'VyFUdDxPeX'),
(102, 'wjGInR2A9H'),
(102, 'XafYVpGw8m'),
(102, 'yT4cuv0V9m'),
(103, '5o89ytziCu'),
(103, '8ADpRTP2jX'),
(103, '8D1SmHpEPb'),
(103, '8x50qDvjya'),
(103, '94GbI1Aoxy'),
(103, 'BEGSotVR2Z'),
(103, 'dnHpjIqYva'),
(103, 'lbjBT7RYIo'),
(103, 'MpOwFUZaPx'),
(103, 'vaPVDNjH6O'),
(103, 'wjGInR2A9H'),
(103, 'xqgK69ElYG'),
(104, '8ADpRTP2jX'),
(104, '8D1SmHpEPb'),
(104, 'bG1aFV603j'),
(104, 'bwIFRJuxzT'),
(104, 'iSoXx7nBO1'),
(104, 'Jh0dHz2jVx'),
(104, 'MAo2Hsp6vk'),
(104, 'MpOwFUZaPx'),
(104, 'OPG35d8uoc'),
(104, 'umKyUkclhb'),
(104, 'uzWaIyr5fo'),
(104, 'X9EADOW5Zd'),
(104, 'XafYVpGw8m'),
(105, '5o89ytziCu'),
(105, '8ADpRTP2jX'),
(105, '8x50qDvjya'),
(105, 'cFCj0XeS3n'),
(105, 'CPRHy5M0W6'),
(105, 'eIJbdoRTUn'),
(105, 'ERzUPli14Y'),
(105, 'Fz3kIXuaNr'),
(105, 'hGMjYpRWAz'),
(105, 'iSoXx7nBO1'),
(105, 'lbjBT7RYIo'),
(105, 'MEcFhUpkgW'),
(105, 'NxFi6MsXdq'),
(105, 'qiJIpxEXdl'),
(105, 'tum6xFVXev'),
(105, 'uzWaIyr5fo'),
(105, 'vaPVDNjH6O'),
(105, 'VyFUdDxPeX'),
(105, 'wjGInR2A9H'),
(105, 'XafYVpGw8m'),
(105, 'yT4cuv0V9m'),
(106, '078FGVtMKG'),
(106, '5o89ytziCu'),
(106, '8ADpRTP2jX'),
(106, '8D1SmHpEPb'),
(106, '8x50qDvjya'),
(106, 'AVNeowOdmS'),
(106, 'bG1aFV603j'),
(106, 'bwIFRJuxzT'),
(106, 'CPRHy5M0W6'),
(106, 'ERzUPli14Y'),
(106, 'gm8NXZMdcC'),
(106, 'hGMjYpRWAz'),
(106, 'lTKSJh3W0I'),
(106, 'sjz2mqkG1D'),
(106, 'weDXlsUcoC'),
(106, 'wjGInR2A9H'),
(106, 'XafYVpGw8m'),
(106, 'yT4cuv0V9m'),
(107, '5o89ytziCu'),
(107, '8ADpRTP2jX'),
(107, '8D1SmHpEPb'),
(107, 'BEGSotVR2Z'),
(107, 'cFCj0XeS3n'),
(107, 'gm8NXZMdcC'),
(107, 'hGMjYpRWAz'),
(107, 'MAo2Hsp6vk'),
(107, 'MEcFhUpkgW'),
(107, 'NxFi6MsXdq'),
(107, 'PVunG7d6Mm'),
(107, 'umKyUkclhb'),
(107, 'uzWaIyr5fo'),
(107, 'weDXlsUcoC'),
(107, 'X9EADOW5Zd'),
(108, '078FGVtMKG'),
(108, '5o89ytziCu'),
(108, 'atG29g4T8z'),
(108, 'AVNeowOdmS'),
(108, 'cFCj0XeS3n'),
(108, 'CPOe74unyb'),
(108, 'CPRHy5M0W6'),
(108, 'gm8NXZMdcC'),
(108, 'hGMjYpRWAz'),
(108, 'iSoXx7nBO1'),
(108, 'Jh0dHz2jVx'),
(108, 'lTKSJh3W0I'),
(108, 'MEcFhUpkgW'),
(108, 'NGEYLHsyxT'),
(108, 'OPG35d8uoc'),
(108, 'qiJIpxEXdl'),
(108, 'uzWaIyr5fo'),
(108, 'vaPVDNjH6O');

-- --------------------------------------------------------

--
-- Cấu trúc bảng cho bảng `teacherteachclass`
--

CREATE TABLE `teacherteachclass` (
  `id_teacher` int(10) NOT NULL,
  `id_class` varchar(100) NOT NULL
) ENGINE=InnoDB DEFAULT CHARSET=utf8;

--
-- Đang đổ dữ liệu cho bảng `teacherteachclass`
--

INSERT INTO `teacherteachclass` (`id_teacher`, `id_class`) VALUES
(1, 'bG1aFV603j'),
(1, 'CPRHy5M0W6'),
(1, 'ERzUPli14Y'),
(1, 'MpOwFUZaPx'),
(1, 'SCJ12AlYHN'),
(1, 'vaPVDNjH6O'),
(1, 'XafYVpGw8m'),
(1, 'zfjtcYIuXm'),
(2, '5o89ytziCu'),
(2, '94GbI1Aoxy'),
(2, 'AVNeowOdmS'),
(2, 'BEGSotVR2Z'),
(2, 'CPOe74unyb'),
(2, 'dnHpjIqYva'),
(2, 'FhprKeWsDv'),
(2, 'Fz3kIXuaNr'),
(2, 'hGMjYpRWAz'),
(2, 'mk1Blf5X0n'),
(2, 'NGEYLHsyxT'),
(2, 'OPG35d8uoc'),
(2, 'PVunG7d6Mm'),
(2, 'qiJIpxEXdl'),
(2, 'sjz2mqkG1D'),
(2, 'uzWaIyr5fo'),
(2, 'X9EADOW5Zd'),
(2, 'xqgK69ElYG'),
(4, '8x50qDvjya'),
(4, 'atG29g4T8z'),
(4, 'bxZKudXGnw'),
(4, 'gm8NXZMdcC'),
(4, 'iSoXx7nBO1'),
(4, 'MEcFhUpkgW'),
(4, 'NxFi6MsXdq'),
(4, 'tum6xFVXev'),
(4, 'VyFUdDxPeX'),
(4, 'wjGInR2A9H'),
(5, '078FGVtMKG'),
(5, '8ADpRTP2jX'),
(5, '8D1SmHpEPb'),
(5, 'b7vkXrV0lp'),
(5, 'bwIFRJuxzT'),
(5, 'cFCj0XeS3n'),
(5, 'eIJbdoRTUn'),
(5, 'Jh0dHz2jVx'),
(5, 'lbjBT7RYIo'),
(5, 'lTKSJh3W0I'),
(5, 'MAo2Hsp6vk'),
(5, 'umKyUkclhb'),
(5, 'weDXlsUcoC'),
(5, 'yT4cuv0V9m');

-- --------------------------------------------------------

--
-- Cấu trúc bảng cho bảng `user`
--

CREATE TABLE `user` (
  `id` int(10) NOT NULL,
  `firstName` varchar(100) NOT NULL,
  `lastName` varchar(100) NOT NULL,
  `userName` varchar(50) NOT NULL,
  `avatar` varchar(50) NOT NULL,
  `password` varchar(100) NOT NULL,
  `birthday` varchar(20) NOT NULL,
  `email` varchar(100) NOT NULL,
  `phoneNumber` varchar(10) NOT NULL
) ENGINE=InnoDB DEFAULT CHARSET=utf8;

--
-- Đang đổ dữ liệu cho bảng `user`
--

INSERT INTO `user` (`id`, `firstName`, `lastName`, `userName`, `avatar`, `password`, `birthday`, `email`, `phoneNumber`) VALUES
(1, 'Thắng', 'Đặng Minh', 'dmthang', 'public/imgs/dmt_avatar.jpg', '$2y$10$w6MF1IQbSUxBjCHBZl6r5.W1XaKELX.IvtTNOjYC0Fp0uM2ILH.1m', '1995-12-29', '', '0123456789'),
(2, 'Mạnh', 'Mai Văn', 'mvmanh', 'public/imgs/mvm_avatar.jpeg', '$2y$10$9ANRej0sABmY1hcI8whPkOE389E/ja3Rt7qteUsmSVJPpujO8Hz4y', '1992-06-10', '', '0123456789'),
(3, 'Admin', 'Nguyễn Văn', 'admin_he_thong', 'public/imgs/admin_icon.png', '$2y$10$71Snb8zPoz9NeWT2aDfH6.hCdwWRDd8OQxKJN.1FP0L8hiZtxXkhu', '2000-02-18', '', '0123456789'),
(4, 'Phúc', 'Dương Hữu', 'dhphuc', 'public/imgs/dhp_avatar.jpg', '$2y$10$2S9MzVu5LvM/6/3SUT/6Z.Yu1ej/kK3wYd/MP1rMRS3CQ0FwYd26a', '1991-07-10', '', '0123456789'),
(5, 'Chung', 'Hồ Minh', 'hmchung', 'public/imgs/hmc_avatar.jpg', '$2y$10$iuVHDCZlMyAXphlQcx8y7OYcHAl5sVVSDM2Z2rDB9ygm87WhUG69S', '1995-08-25', '', '0123456789'),
(6, 'Vĩ', 'Diệc Lữ Chí', '51800833', 'public/imgs/icon_default.png', '$2y$10$JZ3QZBz7WBjNKzfrlFg4f.Ns/m4sAiHQzGhmMNNCBB8Y5p3XUyLau', '2000-06-29', '', '0123456789'),
(7, 'Phú', 'Tăng Cẩm', '51800467', 'public/imgs/icon_default.png', '$2y$10$kRI.ORl2I8EydC6m5WI1y.Qmk8v6iThDEXDVjBiFfr.TwVGL/lOBG', '2000-07-29', '', '0123456789'),
(8, 'Trí', 'Nguyễn Thanh', '51800826', 'public/imgs/icon_default.png', '$2y$10$m6hU3g.Ngd4T7TOwweBWW.MOamuun3npQPj2D.Gsz..t0/ravvRYm', '2000-03-03', '', '0123456789'),
(9, 'Huyền', 'Ngô Văn', '51800824', 'public/imgs/icon_default.png', '$2y$10$GNGHIn3JfIjsXFiuSAqduOIx6rg6gpRAoxujNIUSIAg01nFv4jfbq', '1997-10-8', 'examle_0@gmail.com', '0892614375'),
(10, 'Trọng', 'Lê Gia', '55768924', 'public/imgs/icon_default.png', '$2y$10$SDOgKaMCHSLzoAjoHUryx.PgF5I68roUdKT0aT8r6MIHXbNnlm2yi', '1998-12-24', 'examle_0@gmail.com', '0950481632'),
(11, 'Như', 'Bùi Quan', '54580726', 'public/imgs/icon_default.png', '$2y$10$xSMJhzCX9Vc/4HBAkPqmheTkK6ZwB0T0AIv7g6KACWYYJ5cjw/fpu', '1999-4-19', 'examle_1@gmail.com', '0623984057'),
(12, 'Bảo', 'Bùi Thanh', '53480759', 'public/imgs/icon_default.png', '$2y$10$xQ.y0LUBlgKa/.2xvZZG5OUEDPpmNqe1z3V1EDq33DLYhbFiPoXDS', '1995-12-10', 'examle_2@gmail.com', '0489062157'),
(13, 'Trí', 'Đặng Võ', '56294815', 'public/imgs/icon_default.png', '$2y$10$qKpFIIilhz3dflZsNHs1Ru6zAdnH9qedeTAWYAbEp7iZiMgmbE/B.', '1998-11-25', 'examle_3@gmail.com', '0654328109'),
(14, 'Trường', 'Huỳnh Thiên', '55912437', 'public/imgs/icon_default.png', '$2y$10$/nbQW/MkgX/7SXiW0PVxJeNesp8K3qP92EzMu0rFPCbwhLjrF4Rii', '1999-6-2', 'examle_4@gmail.com', '0512680974'),
(15, 'Tú', 'Lý Quốc', '58753964', 'public/imgs/icon_default.png', '$2y$10$akDFlhib7nZzEUhYZRInHeuCHFD.g89rV2Ne.k5qrfRRdK5u2Q4UO', '2001-3-2', 'examle_5@gmail.com', '0369241578'),
(16, 'Bảo', 'Huỳnh Quốc', '51038694', 'public/imgs/icon_default.png', '$2y$10$Yq//mlkFWIuHjBvyrZy20O0b/FFbaoCrfEWw0gVzbgdAnDNDhvMfe', '1998-5-22', 'examle_6@gmail.com', '0621857409'),
(17, 'Hoàng', 'Huỳnh Thanh', '58735042', 'public/imgs/icon_default.png', '$2y$10$HGzCBv4hboHLqoH7vpUUGeRthM3F2fpvZ/fhH6wZqP6mYPb9GCoEi', '2000-4-1', 'examle_7@gmail.com', '0382650794'),
(18, 'Tài', 'Hồ Võ', '53495081', 'public/imgs/icon_default.png', '$2y$10$eJD/CfDTbGKLBh9X8PGTL.ymqQxALX0qRKOWzw5T6.6Z5dgN5HXRa', '2000-12-20', 'examle_8@gmail.com', '0475089261'),
(19, 'Như', 'Phạm Gia', '53520794', 'public/imgs/icon_default.png', '$2y$10$u3iPtPVmzONRkhaX7qnntOxrmcHa4b9sI9QJKYZ2qYx4C/w7iXYgi', '1996-7-21', 'examle_9@gmail.com', '0758912603'),
(20, 'Ngân', 'Phan Quốc', '59786341', 'public/imgs/icon_default.png', '$2y$10$YJ6KxyvsJhbLi.sFoIUNOux3JglrsxhbU73RrKEjMpmySzvN5AhQe', '2000-2-21', 'examle_10@gmail.com', '0908653724'),
(21, 'Loan', 'Đặng Quốc', '59654830', 'public/imgs/icon_default.png', '$2y$10$G8Jt70OeAY0EUqqBRrJYH.NBxFmJcIwcY8eHA.gmLr1mH4xIZHnyO', '1997-1-10', 'examle_11@gmail.com', '0248659730'),
(22, 'Đại', 'Đặng Hữu', '57893150', 'public/imgs/icon_default.png', '$2y$10$NZAhMlZk4NdZafr8lRWHzuRbXlw3ZMtZyvgGdAmmy8NLaRUyfr.eS', '1999-10-26', 'examle_12@gmail.com', '0721538046'),
(23, 'Loan', 'Phan Văn', '54639128', 'public/imgs/icon_default.png', '$2y$10$na2NMkaALLidfuszwVYAoOH5XdDMa17ipr4xlJ5PpIOFzGZmw4/hi', '1999-5-3', 'examle_13@gmail.com', '0420687153'),
(24, 'Tuấn', 'Lê Quỳnh', '58954726', 'public/imgs/icon_default.png', '$2y$10$FSyhYF0Qi0DJQ12dHgi3A.aFFFTaxgncWlR/wO3HjAS9myRFMINYq', '1997-11-15', 'examle_14@gmail.com', '0285710943'),
(25, 'Ngân', 'Hồ Quan', '55867210', 'public/imgs/icon_default.png', '$2y$10$H5FGIMoJU7EvGWWlo.llVONmQ.SMFTpHdGs2bmhB00SQ8yERQcGd2', '1998-3-14', 'examle_15@gmail.com', '0821704639'),
(26, 'Đại', 'Lâm Phong', '51594687', 'public/imgs/icon_default.png', '$2y$10$ccpS1S2eAzR0k59zQB/MJ.bcWNU6U02xBFxoqqnrTqW./o3hYudTu', '1996-1-14', 'examle_16@gmail.com', '0270943856'),
(27, 'Trung', 'Huỳnh Quang', '59854271', 'public/imgs/icon_default.png', '$2y$10$AD6Fb9/nWxe90lB8ZTItsOPc5FPMXpRSiGDoKf3eqIPOC2kSY4DHm', '2001-12-9', 'examle_17@gmail.com', '0627851093'),
(28, 'Châu', 'Huỳnh Thị', '56342975', 'public/imgs/icon_default.png', '$2y$10$LZEjCx95BfgQrbvgWHRFTee70KWEB85V4sECcizz5xhxPk88EnjB2', '1997-9-12', 'examle_18@gmail.com', '0892436701'),
(29, 'Huy', 'Lý Võ', '56894371', 'public/imgs/icon_default.png', '$2y$10$yQwkgcKySOLSgLrz.e35We.yWLq4kWgUjF3m8LTxGNo3e8ThZ/tta', '1996-7-20', 'examle_19@gmail.com', '0784906312'),
(30, 'Toàn', 'Nguyễn Hữu', '58697254', 'public/imgs/icon_default.png', '$2y$10$YBMY2h2xvIZ62JIG982f/OYk07O85aQCcyq24qKdK4nWF7zbSNwzC', '1996-12-28', 'examle_20@gmail.com', '0479603821'),
(31, 'Hoàng', 'Phan Quan', '59105734', 'public/imgs/icon_default.png', '$2y$10$fD8eXCgLvnWrDW09FuS7y.fVgb9lhdt8cq0AzoW5G.dLY3XWoLRHq', '2000-12-6', 'examle_21@gmail.com', '0615479230'),
(32, 'Châu', 'Bùi Cẩm', '53105827', 'public/imgs/icon_default.png', '$2y$10$3E5OEge.AKqoags/TqUjEeYa2KnqxAKMQEw6kAu4e2Bri90ZEtmXy', '1995-4-12', 'examle_22@gmail.com', '0253687409'),
(33, 'Trọng', 'Ngô Quan', '55012863', 'public/imgs/icon_default.png', '$2y$10$UQxLOdUbmOXVmg6yfr/3k.ClyNMMO/CvH.SG5s3T7uA9K4u4vLcqK', '2000-5-7', 'examle_23@gmail.com', '0984631502'),
(34, 'Trường', 'Hồ Thị', '56075921', 'public/imgs/icon_default.png', '$2y$10$yzTq2pBY16mLOOQKeMXWeO.DBhZxmAZ/zJG2sFlQQQ7lRKeO9wLRG', '2000-9-1', 'examle_24@gmail.com', '0967210458'),
(35, 'Hùng', 'Huỳnh Quang', '58097652', 'public/imgs/icon_default.png', '$2y$10$2Yy/JlhCNas0cxWNBehIA.yGff1iT.9o.W62H9py14.yr2WBuTjrC', '2001-7-8', 'examle_25@gmail.com', '0984230517'),
(36, 'Bảo', 'Bùi Quỳnh', '54657309', 'public/imgs/icon_default.png', '$2y$10$d8NWea6vIfjbqbOiSa.KYeduW3Ja7yuHx6tgi4/76m//aDau4dipS', '1995-2-4', 'examle_26@gmail.com', '0436057821'),
(37, 'Trường', 'Đỗ Quỳnh', '53251647', 'public/imgs/icon_default.png', '$2y$10$lBm4NxQ3zMl0iohHA.f0I.wFxNtaQTXdSKMboScejinQFRSOaJriy', '1998-8-16', 'examle_27@gmail.com', '0462051987'),
(38, 'Sơn', 'Đỗ Hữu', '58503741', 'public/imgs/icon_default.png', '$2y$10$K9Ok9pg56.H1i0MJAaDpFuvsgj5Z2lOI1hBq4dOxXbxgX64OF10jq', '1995-10-11', 'examle_28@gmail.com', '0386790412'),
(39, 'Tuấn', 'Trần Thiên', '55084962', 'public/imgs/icon_default.png', '$2y$10$9p/Oy3Euq7Mu8kBcu/CMDeC1068tnEQ0jrVSWf6OaEh/7dCWyHtE6', '1997-10-12', 'examle_29@gmail.com', '0813920657'),
(40, 'Tú', 'Đặng Văn', '54319782', 'public/imgs/icon_default.png', '$2y$10$NUZvvBKkdils5KZarZkaQ.QuXcVs8MyMAoNeX81PqTXbJZVIPoz32', '2000-8-13', 'examle_30@gmail.com', '0827096154'),
(41, 'Phúc', 'Phạm Thuỳ', '51269540', 'public/imgs/icon_default.png', '$2y$10$xS0YBz2dNKxpE25ckCg2A.EBuI0zvN/PDzYC3ngp4Kmg2yW8tgNX2', '1996-5-16', 'examle_31@gmail.com', '0396452017'),
(42, 'Toàn', 'Lâm Thị', '56749580', 'public/imgs/icon_default.png', '$2y$10$3t/pOPAs6PYHhjwJ46l6ouLHn4YBq/Q6C5AHlNvLWfYp/cydn0NC.', '2002-11-15', 'examle_32@gmail.com', '0908654172'),
(43, 'Tài', 'Đặng Quan', '51938246', 'public/imgs/icon_default.png', '$2y$10$jtMkVnPYZ1sCvYqfT57D4ezhkniNUC4N0I400QlCWwsbYo8aAAh.a', '1996-11-5', 'examle_33@gmail.com', '0732168490'),
(44, 'Toàn', 'Trần Thị', '52048791', 'public/imgs/icon_default.png', '$2y$10$yC65Fue7A8tZ0cnPbsOz7.KaASg.CsPw5i63w0urZzPvERkNs0OMO', '1999-1-18', 'examle_34@gmail.com', '0654192730'),
(45, 'Hoàng', 'Trần Thuỳ', '52451678', 'public/imgs/icon_default.png', '$2y$10$vBfhfFbVmveeoSTCg7Jn7.b/CiN.ES/o4igUdmffpfsZHoZ2Ui4I.', '2001-6-15', 'examle_35@gmail.com', '0592804176'),
(46, 'Ngân', 'Phan Quốc', '57209168', 'public/imgs/icon_default.png', '$2y$10$Y.kXoJEHCU562iEK2BpJKu.HZ8hU6AbGBPR0uv0k57SQTMaidNREm', '1996-9-11', 'examle_36@gmail.com', '0289573140'),
(47, 'Bảo', 'Huỳnh Gia', '52530167', 'public/imgs/icon_default.png', '$2y$10$vKPf13kF6lo4Tt68pZNlJOUswEqRE96ITECEXJ6bdgP7QNq.3HzPe', '2000-1-24', 'examle_37@gmail.com', '0541038769'),
(48, 'Tú', 'Phan Hữu', '59861257', 'public/imgs/icon_default.png', '$2y$10$CaOk6kNFHMlSXfATY.CxFugKFYF922yYUjpFLc1G.Si2w6shwL9xi', '1999-4-27', 'examle_38@gmail.com', '0974503618'),
(49, 'Phúc', 'Ngô Hữu', '56893015', 'public/imgs/icon_default.png', '$2y$10$wTKfV8PgcgyWr5bugTF4ku/FxGSVhkAUcmdjNhgisCKCWccJZCHMC', '1999-10-15', 'examle_39@gmail.com', '0095412687'),
(50, 'Tú', 'Bùi Văn', '51382064', 'public/imgs/icon_default.png', '$2y$10$WCzSmJD6pfNzx4w3RXplQOJ0tXj.IAXNALzjeJN4Elev7ykR60eeW', '1997-11-1', 'examle_40@gmail.com', '0962130784'),
(51, 'Như', 'Bùi Thanh', '51465932', 'public/imgs/icon_default.png', '$2y$10$SyJ.jHMZnZUyQ38VBj9EdujaQUKE2r3/fJjpQVJ4a4XeCv71YBeeW', '1999-9-12', 'examle_41@gmail.com', '0036518792'),
(52, 'Trung', 'Phan Quan', '55089723', 'public/imgs/icon_default.png', '$2y$10$WkbatEmodEJBtdmhORJ.CONI7htQTMH3nBAfVtJq2udfkF5hviCGG', '1996-7-15', 'examle_42@gmail.com', '0438692057'),
(53, 'Châu', 'Lê Văn', '58615420', 'public/imgs/icon_default.png', '$2y$10$/03HlICyBrE0AhbbDLviAO3WkOK6ql2CGxyA1EPcGVgATSgoiCeRK', '2000-10-19', 'examle_43@gmail.com', '0789501624'),
(54, 'Hùng', 'Đặng Gia', '53927408', 'public/imgs/icon_default.png', '$2y$10$v0tz1D2ebJMuqMlWzTXj9eswZelXGyggsRLpBAaF.V.yv1zCHcRPe', '1999-1-20', 'examle_44@gmail.com', '0294310856'),
(55, 'Phúc', 'Đỗ Thuỳ', '56937541', 'public/imgs/icon_default.png', '$2y$10$jYk9x5D.8n8PCZjoOty6..RNb4.xnPvvLScnuAHhLxTT.AEEQ0Wt6', '2000-6-6', 'examle_45@gmail.com', '0934067851'),
(56, 'Loan', 'Bùi Quốc', '52390178', 'public/imgs/icon_default.png', '$2y$10$tXUP/9k1emFcDXF6Xe6oBObbVU4kObcskNdw0kzmXtl4WY9wqnqfW', '2000-5-7', 'examle_46@gmail.com', '0385704169'),
(57, 'Long', 'Đỗ Thiên', '56274581', 'public/imgs/icon_default.png', '$2y$10$lkzVBldO5Lvj1a.de244SO0jw/K87cqlhCjpSpVhP02QwYExni/g.', '2001-11-9', 'examle_47@gmail.com', '0631507249'),
(58, 'Phúc', 'Lý Quỳnh', '51785320', 'public/imgs/icon_default.png', '$2y$10$hO.TzjCDQ1BGwMZZ5yfwu.sZIQO.jETSDPvs/.RknGQgwf3wrnXvS', '1997-8-8', 'examle_48@gmail.com', '0752081934'),
(59, 'Hưng', 'Huỳnh Phong', '52184593', 'public/imgs/icon_default.png', '$2y$10$qcPNuOMrPxCcBAlvsTwXg.r3Ptu2tpWODhss6m9cAGSy1qbtwQX6m', '1995-9-13', 'examle_49@gmail.com', '0783106924'),
(60, 'Trung', 'Lâm Quang', '52681573', 'public/imgs/icon_default.png', '$2y$10$GgogRLQmeBpP6d81lYOc0edHpjzrByjFkpipi0mxACM1r9fWURH6.', '1997-10-19', 'examle_50@gmail.com', '0168324759'),
(61, 'Tuấn', 'Lê Văn', '51057423', 'public/imgs/icon_default.png', '$2y$10$e43d1GtRJvQT5z4/ONNnSe8vkyBgfm42wINqoe3xVyNKLPVgAx15e', '2002-9-22', 'examle_51@gmail.com', '0684217359'),
(62, 'Huy', 'Trần Thị', '57681250', 'public/imgs/icon_default.png', '$2y$10$p.1s1MZx5AspdeHs1M.8j.ox3Z/c2R4H/hNIuthIwhjgeNtUiXkXS', '1996-1-12', 'examle_52@gmail.com', '0950174386'),
(63, 'Long', 'Bùi Quan', '56274895', 'public/imgs/icon_default.png', '$2y$10$6KWQM9sfyKGiXsLjEGZKs.erRiFeXmgi4FbzYRM43R8T1F8t58kLW', '2002-1-3', 'examle_53@gmail.com', '0751238906'),
(64, 'Trường', 'Huỳnh Thanh', '59075138', 'public/imgs/icon_default.png', '$2y$10$A/8JVBg7qZ6HuiMMRr9WZ.pvoxo8O5tYVqgwOS5.zBveUJFy25vIe', '1999-7-3', 'examle_54@gmail.com', '0143290657'),
(65, 'Tú', 'Huỳnh Hữu', '58937061', 'public/imgs/icon_default.png', '$2y$10$byT3yPc1UrwLTowSX9jODu4BznZSzrkz4i/r4duV5/s8mJloy7nf6', '2002-5-28', 'examle_55@gmail.com', '0248501637'),
(66, 'Tài', 'Đặng Võ', '54923567', 'public/imgs/icon_default.png', '$2y$10$jbHE4/NKstk9ReW.Cd/qru4N/MxASyLI/PximQIE6doTG9cGQLoNa', '2001-2-19', 'examle_56@gmail.com', '0169735480'),
(67, 'Châu', 'Huỳnh Quang', '56570293', 'public/imgs/icon_default.png', '$2y$10$9rdteoZCDxDNR0E3uM8ukO1ZlUAVFxGSKcmdC5pZ58zZjO5k15oY6', '1996-4-7', 'examle_57@gmail.com', '0237891605'),
(68, 'Tú', 'Phan Cẩm', '52684150', 'public/imgs/icon_default.png', '$2y$10$2tbWEMilameALijarUpHoOjCMYujH0UImoM/Eg4rDhuOVYczSLl0i', '1996-7-11', 'examle_58@gmail.com', '0725403689'),
(69, 'Loan', 'Nguyễn Hữu', '56712908', 'public/imgs/icon_default.png', '$2y$10$UXMuaAc1UbMND.qHtQqvf.5Ry6byfK9L7I.T3tzLbzB7hOL2xpgrC', '1999-5-24', 'examle_59@gmail.com', '0398507264'),
(70, 'Tài', 'Lê Thị', '57431280', 'public/imgs/icon_default.png', '$2y$10$hc24.c/7i9j1xI/LNvozdunSewqWaJfCPikcu.NveKGw.q.SpWwgK', '1999-9-9', 'examle_60@gmail.com', '0829457603'),
(71, 'Long', 'Hà Phong', '54702368', 'public/imgs/icon_default.png', '$2y$10$utSXAAshDiLUFWZo4ZK45.YETL9A20P0N2/erLYGt8qeSc1vSyzTe', '2002-5-9', 'examle_61@gmail.com', '0749320658'),
(72, 'Bảo', 'Nguyễn Thuỳ', '58542910', 'public/imgs/icon_default.png', '$2y$10$Ji0WvZTKQ/VG2s2IKNLyFOg4RycRJylL6LN93lzdM/p5rLCw6pXNa', '1996-8-18', 'examle_62@gmail.com', '0782069431'),
(73, 'Hùng', 'Đỗ Quỳnh', '53617408', 'public/imgs/icon_default.png', '$2y$10$.ALgoHC5b.GG/Cca6zefqe6fjDOb.UCUWmSQahhMvtDkuJ34MUa.K', '1997-11-21', 'examle_63@gmail.com', '0764019238'),
(74, 'Trung', 'Lê Quang', '54758023', 'public/imgs/icon_default.png', '$2y$10$sgNe1QBoPTrQnb1TW5jAIu0CR86ZcQOUpyKoKV9YyBSvZ.iVigr2K', '1995-5-17', 'examle_64@gmail.com', '0179453028'),
(75, 'Hoàng', 'Hà Quang', '58201469', 'public/imgs/icon_default.png', '$2y$10$6t8IyxHNRL6.MTcca2O5KOAWmP9ZNSrXJpITm6TBiMcM4l4XavZIi', '1998-1-11', 'examle_65@gmail.com', '0871562940'),
(76, 'Châu', 'Đỗ Thuỳ', '57843206', 'public/imgs/icon_default.png', '$2y$10$5yKCgZbF5a1S4HEsgOOQnevDKiyhk8Xel42wDsi9lyalvRUJ8GGy.', '2002-5-10', 'examle_66@gmail.com', '0169078235'),
(77, 'Bảo', 'Đỗ Văn', '51269458', 'public/imgs/icon_default.png', '$2y$10$sd0SPO9VIbqO5nlbQAMwF.LYcdhIqMJdppQzZR4Nq3BySKp/75lM.', '2001-11-8', 'examle_67@gmail.com', '0048936571'),
(78, 'Hoàng', 'Hồ Quan', '56528309', 'public/imgs/icon_default.png', '$2y$10$6m/kpDa5N92cGgqYyyYqJev2r3JrzZfjLVsO6wrziTicos7butcV2', '1996-1-21', 'examle_68@gmail.com', '0649827103'),
(79, 'Trường', 'Đỗ Hữu', '56072598', 'public/imgs/icon_default.png', '$2y$10$5FtAhOKE23s5Y9r.s766t.ETzBup83f2t7wXC.vsMzXxCndmfXLje', '2001-5-4', 'examle_69@gmail.com', '0703849625'),
(80, 'Phúc', 'Ngô Cẩm', '52053819', 'public/imgs/icon_default.png', '$2y$10$wdHeJ8AQxpweDMamlaU9ZuekPz0CRKSdiVeK9tQB.mFJ20Cl5XFE2', '2002-10-17', 'examle_70@gmail.com', '0481607593'),
(81, 'Ngân', 'Nguyễn Quốc', '51246709', 'public/imgs/icon_default.png', '$2y$10$.NqhWeMj/IGt7uQTTrbgDuCWTvxUhhmS0vJKcY4jmY2ESUevgOSEi', '1998-9-23', 'examle_71@gmail.com', '0835247061'),
(82, 'Trung', 'Nguyễn Phong', '59768520', 'public/imgs/icon_default.png', '$2y$10$2R8tZnQplW73eTavrTQbEuXqVwUS3DZQFeLOqeSuCUOGI0WSdJVSS', '1999-8-19', 'examle_72@gmail.com', '0285017436'),
(83, 'Loan', 'Lâm Gia', '54178062', 'public/imgs/icon_default.png', '$2y$10$tOVmslpb9IgJXV4Ifhk4WeSOerbSdiHEphj54ie4StvQmt5nfx.Z2', '1999-11-7', 'examle_73@gmail.com', '0875403296'),
(84, 'Hùng', 'Phan Cẩm', '56295031', 'public/imgs/icon_default.png', '$2y$10$oztHaVMEHVVO7w9kr6/Zx.qA.5SvglGSLBcPbMs83zNzBPGM3vwiy', '1995-2-2', 'examle_74@gmail.com', '0193048275'),
(85, 'Đại', 'Đỗ Thị', '56201984', 'public/imgs/icon_default.png', '$2y$10$wGC3TEfWBiywsMskR0JIM.3t4Erm67mdKWL6A5xMRH8Qt3v2vTLy.', '2001-1-20', 'examle_75@gmail.com', '0815092376'),
(86, 'Bảo', 'Hồ Quan', '53514807', 'public/imgs/icon_default.png', '$2y$10$5jNkoZ6hmwUvWE7AhXFUg.QX20UYhJsnURBBYt5qmzhYPOR9ZgBdK', '1995-1-21', 'examle_76@gmail.com', '0480952361'),
(87, 'Long', 'Hà Thiên', '59543128', 'public/imgs/icon_default.png', '$2y$10$MfGu4nFVtBXbJrICl8CRHOgolJK3pgL4TAEdH2mxnqM61/D4ePDxm', '1996-8-20', 'examle_77@gmail.com', '0734581920'),
(88, 'Tú', 'Trần Thuỳ', '52145908', 'public/imgs/icon_default.png', '$2y$10$6jGlWPygGwCxYz5I0vyP0.r5DGsiPqLoE1FWBdY2YG0g6XoU3JhSa', '1996-10-11', 'examle_78@gmail.com', '0459683702'),
(89, 'Trung', 'Ngô Thiên', '53781209', 'public/imgs/icon_default.png', '$2y$10$RcqH7jMQ3cK2romo98LScu6UnpcCI4lJ7WjfMQieNdz2Y9kV.fP8u', '1999-9-3', 'examle_79@gmail.com', '0823701496'),
(90, 'Sơn', 'Hồ Gia', '56410598', 'public/imgs/icon_default.png', '$2y$10$XBylM6MPWzHtjH/VU3dF.erg50Sdlv6Io49tWTVmN13gBN.8XTdbS', '2001-1-28', 'examle_80@gmail.com', '0164052839'),
(91, 'Tài', 'Ngô Cẩm', '56893275', 'public/imgs/icon_default.png', '$2y$10$pRm2pmCB83W1CyhpE3bzj.2fKgC4LKLDTZMmF3uC8gNUhhm3LI6P.', '1997-2-7', 'examle_81@gmail.com', '0265074198'),
(92, 'Tú', 'Ngô Thanh', '52590376', 'public/imgs/icon_default.png', '$2y$10$E8K9hvsBL29lWETBAySIOekZo9nR5NkHRtGhSJSGLl6lm5ayxgmc2', '1999-4-6', 'examle_82@gmail.com', '0167208953'),
(93, 'Đại', 'Đặng Quan', '56157089', 'public/imgs/icon_default.png', '$2y$10$AFktp43HJjbEVecTnCoQq.Xy9GFpkiAyAvjzXEUQtWBFLn6xEB6Q6', '2001-2-1', 'examle_83@gmail.com', '0834792106'),
(94, 'Hùng', 'Trần Phong', '56041985', 'public/imgs/icon_default.png', '$2y$10$UZuYaZpaiYJCeg3wNUBdZOcKGfJbo0WAF391gwbKByFLkvdeTLhp.', '2001-2-19', 'examle_84@gmail.com', '0865792314'),
(95, 'Châu', 'Hà Quan', '59014327', 'public/imgs/icon_default.png', '$2y$10$hyMqccDUtMP1xm5Cm8wDTuIs.3l2n51yZJBHeZgZBvrRhMq3BRnK.', '1995-8-28', 'examle_85@gmail.com', '0150846397'),
(96, 'Hoàng', 'Lý Quốc', '51947620', 'public/imgs/icon_default.png', '$2y$10$3pCsONtMPk6KCxlkBSfwFegfWheiI9set/olxshCPBK5SZ7jqsy6K', '1998-4-28', 'examle_86@gmail.com', '0326407895'),
(97, 'Tài', 'Huỳnh Cẩm', '59215348', 'public/imgs/icon_default.png', '$2y$10$c2n46EBdRIgFBymN0vHiveFljuc4kBuIE1lQrIhodSdD0UKZlEPnK', '2002-12-8', 'examle_87@gmail.com', '0095127346'),
(98, 'Trí', 'Nguyễn Cẩm', '52863941', 'public/imgs/icon_default.png', '$2y$10$CJWsID1CcKk8l5Euw4FPauGYQ/zYpalZcNSe25jWRjNB3rY7XW6Qm', '2000-5-20', 'examle_88@gmail.com', '0108543962'),
(99, 'Loan', 'Đặng Gia', '50348612', 'public/imgs/icon_default.png', '$2y$10$5xeuuSXRX2psLaDuNcglLef7Uztokw9opS0eNPhFn.L4N.i025jIm', '2000-1-2', 'examle_89@gmail.com', '0841095267'),
(100, 'Long', 'Lâm Võ', '50492136', 'public/imgs/icon_default.png', '$2y$10$/75mHDs/R/EYQoW4YyfkmOnNJ7h9uzUSXXQHBxv5qNM/IMTw8mPBS', '2001-2-13', 'examle_90@gmail.com', '0913650748'),
(101, 'Ngân', 'Trần Gia', '51324089', 'public/imgs/icon_default.png', '$2y$10$YKADd1Ffx6UYPNffwArPMurH5/TqmGNxvNdAtgWV14edqRCZA9h6G', '1995-10-12', 'examle_91@gmail.com', '0982741036'),
(102, 'Hoàng', 'Phạm Thị', '58239410', 'public/imgs/icon_default.png', '$2y$10$FBk77SphkpzQ1sGXYCEqsON.24bMwqd4PQCQjzvr1mnklcBAOtMRi', '2000-12-13', 'examle_92@gmail.com', '0628395104'),
(103, 'Ngân', 'Hà Văn', '58271354', 'public/imgs/icon_default.png', '$2y$10$h7oQTk.xRsDYun.EUipEkuLeOV0Pju0T3jGMZ5aqgXP86yjtCno7u', '1995-12-11', 'examle_93@gmail.com', '0054927318'),
(104, 'Huy', 'Nguyễn Thị', '52481570', 'public/imgs/icon_default.png', '$2y$10$4dUrwFIivQPz8kKapGRHaeb0/P7iFAQ5EFoXL7geuSti3MlncZKey', '1998-5-2', 'examle_94@gmail.com', '0187296430'),
(105, 'Tấn', 'Nguyễn Quỳnh', '54736901', 'public/imgs/icon_default.png', '$2y$10$smBSz0OAnV5G9ghmQ7.PjOct5ni50mwtwjvCtl.EP0nndhnvwvY6m', '2002-7-20', 'examle_95@gmail.com', '0140563798'),
(106, 'Hùng', 'Lý Quang', '53421976', 'public/imgs/icon_default.png', '$2y$10$kj9vrblYit9O8PW/JQmNG.XHWCYGaEvN8BfXt9O411Jcg60ukJ16y', '1997-8-4', 'examle_96@gmail.com', '0231984750'),
(107, 'Phúc', 'Trần Thị', '54185972', 'public/imgs/icon_default.png', '$2y$10$en9T2HQEZeXFq7M37QvKxeO53e2m5pUuO.khHpzI2B74VeDmKDmva', '2000-8-23', 'examle_97@gmail.com', '0467859210'),
(108, 'Tú', 'Phan Thuỳ', '53946751', 'public/imgs/icon_default.png', '$2y$10$wicEU.LAGTOCC3f4Z/KBVOTCxpGxkuHNboxZOGySgEW9ILkOhgmfi', '1996-8-26', 'examle_98@gmail.com', '0605981372'),
(109, 'Tấn', 'Đỗ Văn', '59850374', 'public/imgs/icon_default.png', '$2y$10$ltHUuovjlvfbHCsESbfuduN7Xbwg8z5DfQYkQigmbhdq0NhJhV0ui', '1998-5-6', 'examle_99@gmail.com', '0130658479');

-- --------------------------------------------------------

--
-- Cấu trúc bảng cho bảng `userpermission`
--

CREATE TABLE `userpermission` (
  `user_id` int(10) NOT NULL,
  `permission_id` int(11) NOT NULL
) ENGINE=InnoDB DEFAULT CHARSET=utf8;

--
-- Đang đổ dữ liệu cho bảng `userpermission`
--

INSERT INTO `userpermission` (`user_id`, `permission_id`) VALUES
(1, 2),
(2, 2),
(3, 1),
(4, 2),
(5, 2),
(6, 3),
(7, 3),
(8, 3),
(9, 3),
(10, 3),
(11, 3),
(12, 3),
(13, 3),
(14, 3),
(15, 3),
(16, 3),
(17, 3),
(18, 3),
(19, 3),
(20, 3),
(21, 3),
(22, 3),
(23, 3),
(24, 3),
(25, 3),
(26, 3),
(27, 3),
(28, 3),
(29, 3),
(30, 3),
(31, 3),
(32, 3),
(33, 3),
(34, 3),
(35, 3),
(36, 3),
(37, 3),
(38, 3),
(39, 3),
(40, 3),
(41, 3),
(42, 3),
(43, 3),
(44, 3),
(45, 3),
(46, 3),
(47, 3),
(48, 3),
(49, 3),
(50, 3),
(51, 3),
(52, 3),
(53, 3),
(54, 3),
(55, 3),
(56, 3),
(57, 3),
(58, 3),
(59, 3),
(60, 3),
(61, 3),
(62, 3),
(63, 3),
(64, 3),
(65, 3),
(66, 3),
(67, 3),
(68, 3),
(69, 3),
(70, 3),
(71, 3),
(72, 3),
(73, 3),
(74, 3),
(75, 3),
(76, 3),
(77, 3),
(78, 3),
(79, 3),
(80, 3),
(81, 3),
(82, 3),
(83, 3),
(84, 3),
(85, 3),
(86, 3),
(87, 3),
(88, 3),
(89, 3),
(90, 3),
(91, 3),
(92, 3),
(93, 3),
(94, 3),
(95, 3),
(96, 3),
(97, 3),
(98, 3),
(99, 3),
(100, 3),
(101, 3),
(102, 3),
(103, 3),
(104, 3),
(105, 3),
(106, 3),
(107, 3),
(108, 3);

--
-- Chỉ mục cho các bảng đã đổ
--

--
-- Chỉ mục cho bảng `assignment`
--
ALTER TABLE `assignment`
  ADD PRIMARY KEY (`id`),
  ADD KEY `id_writter` (`id_writter`),
  ADD KEY `id_class` (`id_class`);

--
-- Chỉ mục cho bảng `class`
--
ALTER TABLE `class`
  ADD PRIMARY KEY (`id`);

--
-- Chỉ mục cho bảng `comment`
--
ALTER TABLE `comment`
  ADD PRIMARY KEY (`id`),
  ADD KEY `id_post` (`id_post`),
  ADD KEY `id_writter` (`id_writter`);

--
-- Chỉ mục cho bảng `file`
--
ALTER TABLE `file`
  ADD PRIMARY KEY (`id`);

--
-- Chỉ mục cho bảng `permission`
--
ALTER TABLE `permission`
  ADD PRIMARY KEY (`permission`);

--
-- Chỉ mục cho bảng `post`
--
ALTER TABLE `post`
  ADD PRIMARY KEY (`id`),
  ADD KEY `id_writter` (`id_writter`),
  ADD KEY `id_class` (`id_class`);

--
-- Chỉ mục cho bảng `studentstudyclass`
--
ALTER TABLE `studentstudyclass`
  ADD PRIMARY KEY (`id_student`,`id_class`),
  ADD KEY `id_class` (`id_class`);

--
-- Chỉ mục cho bảng `teacherteachclass`
--
ALTER TABLE `teacherteachclass`
  ADD PRIMARY KEY (`id_teacher`,`id_class`),
  ADD KEY `id_class` (`id_class`);

--
-- Chỉ mục cho bảng `user`
--
ALTER TABLE `user`
  ADD PRIMARY KEY (`id`);

--
-- Chỉ mục cho bảng `userpermission`
--
ALTER TABLE `userpermission`
  ADD KEY `permission_id` (`permission_id`),
  ADD KEY `user_id` (`user_id`);

--
-- AUTO_INCREMENT cho các bảng đã đổ
--

--
-- AUTO_INCREMENT cho bảng `assignment`
--
ALTER TABLE `assignment`
  MODIFY `id` int(12) NOT NULL AUTO_INCREMENT;

--
-- AUTO_INCREMENT cho bảng `comment`
--
ALTER TABLE `comment`
  MODIFY `id` int(12) NOT NULL AUTO_INCREMENT;

--
-- AUTO_INCREMENT cho bảng `file`
--
ALTER TABLE `file`
  MODIFY `id` int(12) NOT NULL AUTO_INCREMENT;

--
-- AUTO_INCREMENT cho bảng `permission`
--
ALTER TABLE `permission`
  MODIFY `permission` int(10) NOT NULL AUTO_INCREMENT, AUTO_INCREMENT=4;

--
-- AUTO_INCREMENT cho bảng `post`
--
ALTER TABLE `post`
  MODIFY `id` int(12) NOT NULL AUTO_INCREMENT;

--
-- AUTO_INCREMENT cho bảng `user`
--
ALTER TABLE `user`
  MODIFY `id` int(10) NOT NULL AUTO_INCREMENT, AUTO_INCREMENT=110;

--
-- Các ràng buộc cho các bảng đã đổ
--

--
-- Các ràng buộc cho bảng `assignment`
--
ALTER TABLE `assignment`
  ADD CONSTRAINT `assignment_ibfk_1` FOREIGN KEY (`id_writter`) REFERENCES `user` (`id`),
  ADD CONSTRAINT `assignment_ibfk_2` FOREIGN KEY (`id_class`) REFERENCES `class` (`id`) ON DELETE NO ACTION ON UPDATE NO ACTION;

--
-- Các ràng buộc cho bảng `comment`
--
ALTER TABLE `comment`
  ADD CONSTRAINT `Comment_ibfk_1` FOREIGN KEY (`id_post`) REFERENCES `post` (`id`),
  ADD CONSTRAINT `Comment_ibfk_2` FOREIGN KEY (`id_writter`) REFERENCES `user` (`id`);

--
-- Các ràng buộc cho bảng `post`
--
ALTER TABLE `post`
  ADD CONSTRAINT `Post_ibfk_1` FOREIGN KEY (`id_writter`) REFERENCES `user` (`id`),
  ADD CONSTRAINT `Post_ibfk_2` FOREIGN KEY (`id_class`) REFERENCES `class` (`id`) ON DELETE NO ACTION ON UPDATE NO ACTION;

--
-- Các ràng buộc cho bảng `studentstudyclass`
--
ALTER TABLE `studentstudyclass`
  ADD CONSTRAINT `studentstudyclass_ibfk_1` FOREIGN KEY (`id_class`) REFERENCES `class` (`id`),
  ADD CONSTRAINT `studentstudyclass_ibfk_2` FOREIGN KEY (`id_student`) REFERENCES `user` (`id`);

--
-- Các ràng buộc cho bảng `teacherteachclass`
--
ALTER TABLE `teacherteachclass`
  ADD CONSTRAINT `TeacherTeachClass_ibfk_2` FOREIGN KEY (`id_class`) REFERENCES `class` (`id`),
  ADD CONSTRAINT `TeacherTeachClass_ibfk_3` FOREIGN KEY (`id_teacher`) REFERENCES `user` (`id`);

--
-- Các ràng buộc cho bảng `userpermission`
--
ALTER TABLE `userpermission`
  ADD CONSTRAINT `userpermission_ibfk_1` FOREIGN KEY (`permission_id`) REFERENCES `permission` (`permission`),
  ADD CONSTRAINT `userpermission_ibfk_2` FOREIGN KEY (`user_id`) REFERENCES `user` (`id`);
COMMIT;

/*!40101 SET CHARACTER_SET_CLIENT=@OLD_CHARACTER_SET_CLIENT */;
/*!40101 SET CHARACTER_SET_RESULTS=@OLD_CHARACTER_SET_RESULTS */;
/*!40101 SET COLLATION_CONNECTION=@OLD_COLLATION_CONNECTION */;
